<DATE>	<TIME>	<OPEN>	<HIGH>	<LOW>	<CLOSE>	<TICKVOL>	<VOL>	<SPREAD>
2026.03.02	01:00:00	5300.98	5374.84	5300.98	5347.32	5438	0	65
2026.03.02	01:15:00	5347.33	5357.52	5342.84	5354.59	4466	0	65
2026.03.02	01:30:00	5354.35	5392.62	5352.39	5381.25	5302	0	65
2026.03.02	01:45:00	5381.28	5389.39	5373.21	5386.11	5052	0	65
2026.03.02	02:00:00	5386.14	5387.08	5363.47	5375.20	5676	0	65
2026.03.02	02:15:00	5375.25	5375.33	5348.61	5363.87	5317	0	65
2026.03.02	02:30:00	5363.85	5372.87	5358.87	5364.77	4042	0	65
2026.03.02	02:45:00	5364.86	5365.66	5340.50	5346.93	4609	0	65
2026.03.02	03:00:00	5346.82	5346.82	5315.90	5339.70	6788	0	65
2026.03.02	03:15:00	5339.64	5345.54	5302.76	5307.03	6276	0	65
2026.03.02	03:30:00	5306.94	5338.68	5304.92	5333.53	5698	0	65
2026.03.02	03:45:00	5332.83	5337.64	5321.11	5324.39	5307	0	65
2026.03.02	04:00:00	5324.37	5334.97	5316.47	5327.12	5066	0	65
2026.03.02	04:15:00	5327.21	5336.08	5326.05	5331.04	3504	0	65
2026.03.02	04:30:00	5330.36	5351.19	5328.31	5350.75	4160	0	65
2026.03.02	04:45:00	5350.73	5351.37	5340.65	5346.22	3773	0	65
2026.03.02	05:00:00	5346.29	5357.15	5344.02	5354.93	3774	0	54
2026.03.02	05:15:00	5354.99	5359.27	5349.74	5355.50	3561	0	54
2026.03.02	05:30:00	5355.48	5364.72	5353.50	5361.98	2880	0	54
2026.03.02	05:45:00	5362.07	5366.57	5359.59	5366.16	2351	0	54
2026.03.02	06:00:00	5366.11	5366.88	5355.51	5356.00	2621	0	54
2026.03.02	06:15:00	5356.01	5366.01	5355.76	5363.39	2355	0	54
2026.03.02	06:30:00	5363.40	5364.19	5344.08	5354.05	3013	0	54
2026.03.02	06:45:00	5354.04	5358.27	5350.72	5355.81	2155	0	54
2026.03.02	07:00:00	5355.79	5355.79	5346.16	5350.09	2773	0	54
2026.03.02	07:15:00	5350.07	5354.05	5340.82	5350.65	2385	0	54
2026.03.02	07:30:00	5350.66	5363.47	5348.70	5360.43	3662	0	54
2026.03.02	07:45:00	5360.41	5366.09	5359.11	5365.90	3038	0	54
2026.03.02	08:00:00	5365.91	5379.92	5363.45	5375.28	3708	0	54
2026.03.02	08:15:00	5375.08	5381.36	5373.46	5380.42	3528	0	54
2026.03.02	08:30:00	5380.46	5382.75	5374.06	5375.40	3959	0	54
2026.03.02	08:45:00	5375.41	5389.58	5375.41	5387.48	3560	0	36
2026.03.02	09:00:00	5387.47	5406.59	5384.83	5405.90	4440	0	36
2026.03.02	09:15:00	5405.91	5419.04	5404.34	5408.95	4564	0	50
2026.03.02	09:30:00	5408.39	5411.56	5402.18	5403.14	4030	0	37
2026.03.02	09:45:00	5403.10	5414.43	5402.20	5408.39	3586	0	37
2026.03.02	10:00:00	5408.26	5413.01	5402.64	5409.64	4396	0	37
2026.03.02	10:15:00	5409.57	5415.99	5402.32	5415.69	4099	0	37
2026.03.02	10:30:00	5415.70	5416.68	5396.85	5401.72	3812	0	37
2026.03.02	10:45:00	5401.69	5410.84	5391.15	5394.08	3976	0	37
2026.03.02	11:00:00	5394.19	5400.04	5389.58	5394.51	4099	0	37
2026.03.02	11:15:00	5394.53	5398.59	5386.06	5394.44	3172	0	37
2026.03.02	11:30:00	5394.42	5402.65	5394.07	5396.64	2976	0	37
2026.03.02	11:45:00	5396.62	5397.33	5386.89	5391.98	3033	0	37
2026.03.02	12:00:00	5391.97	5394.38	5378.83	5390.44	3749	0	37
2026.03.02	12:15:00	5390.42	5392.35	5383.65	5389.93	2613	0	37
2026.03.02	12:30:00	5390.00	5400.86	5386.81	5400.41	2916	0	37
2026.03.02	12:45:00	5400.40	5400.79	5381.52	5388.94	3000	0	37
2026.03.02	13:00:00	5389.00	5394.51	5382.18	5388.47	2551	0	37
2026.03.02	13:15:00	5388.40	5397.15	5387.71	5390.39	2706	0	37
2026.03.02	13:30:00	5390.35	5399.83	5388.82	5388.95	2382	0	37
2026.03.02	13:45:00	5388.96	5389.69	5375.00	5385.12	3979	0	37
2026.03.02	14:00:00	5385.14	5398.12	5378.92	5391.51	3947	0	37
2026.03.02	14:15:00	5391.58	5395.96	5384.46	5394.02	3101	0	37
2026.03.02	14:30:00	5394.01	5398.65	5388.81	5396.30	3065	0	37
2026.03.02	14:45:00	5396.39	5398.46	5385.62	5396.99	3087	0	37
2026.03.02	15:00:00	5396.86	5410.10	5381.96	5384.10	5872	0	40
2026.03.02	15:15:00	5384.18	5409.19	5382.60	5401.48	5485	0	37
2026.03.02	15:30:00	5401.52	5416.67	5392.31	5393.09	5401	0	37
2026.03.02	15:45:00	5393.10	5398.10	5389.33	5393.86	4484	0	37
2026.03.02	16:00:00	5393.87	5395.02	5362.40	5375.17	5910	0	37
2026.03.02	16:15:00	5374.99	5376.40	5305.59	5333.27	7293	0	37
2026.03.02	16:30:00	5333.28	5355.67	5306.10	5347.34	7746	0	37
2026.03.02	16:45:00	5347.36	5351.54	5320.64	5333.68	7200	0	37
2026.03.02	17:00:00	5333.67	5346.91	5310.79	5333.79	7265	0	37
2026.03.02	17:15:00	5333.77	5338.94	5317.41	5330.91	7103	0	37
2026.03.02	17:30:00	5330.75	5348.77	5329.97	5342.18	6558	0	37
2026.03.02	17:45:00	5342.16	5345.16	5308.13	5315.86	7013	0	37
2026.03.02	18:00:00	5315.80	5315.80	5260.49	5300.41	7566	0	37
2026.03.02	18:15:00	5300.38	5314.32	5281.61	5309.72	6668	0	37
2026.03.02	18:30:00	5309.60	5311.71	5282.20	5301.25	6707	0	37
2026.03.02	18:45:00	5301.32	5306.15	5289.28	5289.91	6434	0	37
2026.03.02	19:00:00	5289.95	5309.70	5286.76	5298.33	6086	0	37
2026.03.02	19:15:00	5298.34	5312.12	5291.71	5304.41	5669	0	37
2026.03.02	19:30:00	5304.54	5320.50	5303.41	5304.47	5262	0	37
2026.03.02	19:45:00	5304.39	5310.78	5298.12	5306.66	4788	0	37
2026.03.02	20:00:00	5306.70	5308.11	5289.46	5295.11	4814	0	37
2026.03.02	20:15:00	5295.48	5305.96	5293.60	5297.61	5001	0	37
2026.03.02	20:30:00	5297.60	5302.96	5290.67	5302.96	3902	0	37
2026.03.02	20:45:00	5302.95	5316.60	5301.92	5315.49	3690	0	37
2026.03.02	21:00:00	5315.48	5333.18	5313.79	5330.53	3966	0	37
2026.03.02	21:15:00	5330.59	5332.75	5318.68	5330.80	3371	0	37
2026.03.02	21:30:00	5330.81	5334.11	5324.56	5325.11	2993	0	37
2026.03.02	21:45:00	5325.07	5332.13	5322.85	5330.32	2763	0	35
2026.03.02	22:00:00	5330.39	5346.23	5328.27	5337.60	4755	0	35
2026.03.02	22:15:00	5337.59	5346.28	5328.50	5333.50	5600	0	35
2026.03.02	22:30:00	5333.49	5344.70	5332.20	5341.90	4318	0	35
2026.03.02	22:45:00	5341.93	5342.37	5331.24	5332.25	4659	0	35
2026.03.02	23:00:00	5332.19	5339.52	5331.32	5335.16	2574	0	35
2026.03.02	23:15:00	5335.21	5340.07	5331.22	5332.45	2052	0	45
2026.03.02	23:30:00	5332.43	5332.69	5325.83	5331.05	2565	0	45
2026.03.02	23:45:00	5330.93	5330.93	5321.30	5321.30	1451	0	45
2026.03.03	01:00:00	5324.23	5347.19	5324.19	5338.64	2298	0	45
2026.03.03	01:15:00	5338.67	5341.89	5329.22	5336.63	1690	0	38
2026.03.03	01:30:00	5336.64	5336.77	5330.45	5330.80	1453	0	38
2026.03.03	01:45:00	5330.70	5346.65	5330.09	5345.82	2073	0	38
2026.03.03	02:00:00	5345.90	5349.41	5336.86	5348.34	2033	0	38
2026.03.03	02:15:00	5348.35	5358.69	5348.25	5357.72	2470	0	38
2026.03.03	02:30:00	5357.73	5361.93	5348.28	5354.95	2554	0	38
2026.03.03	02:45:00	5354.96	5359.38	5346.14	5350.21	2452	0	38
2026.03.03	03:00:00	5350.15	5371.96	5347.09	5369.32	4572	0	38
2026.03.03	03:15:00	5368.87	5379.72	5365.95	5377.73	3981	0	38
2026.03.03	03:30:00	5377.74	5377.98	5364.31	5364.86	4015	0	38
2026.03.03	03:45:00	5364.71	5365.27	5338.45	5341.17	6029	0	38
2026.03.03	04:00:00	5340.87	5357.15	5332.26	5348.80	5475	0	38
2026.03.03	04:15:00	5348.79	5358.44	5344.13	5358.26	3832	0	38
2026.03.03	04:30:00	5358.22	5365.10	5355.45	5360.79	4178	0	38
2026.03.03	04:45:00	5360.89	5367.94	5359.00	5366.75	3557	0	38
2026.03.03	05:00:00	5366.66	5371.51	5364.93	5366.38	3345	0	38
2026.03.03	05:15:00	5366.34	5373.43	5363.74	5367.37	3242	0	38
2026.03.03	05:30:00	5367.31	5370.52	5365.59	5369.14	1999	0	38
2026.03.03	05:45:00	5369.15	5369.94	5359.23	5366.94	1890	0	38
2026.03.03	06:00:00	5366.95	5367.72	5359.29	5362.07	1818	0	38
2026.03.03	06:15:00	5362.01	5375.48	5359.71	5371.86	2282	0	38
2026.03.03	06:30:00	5371.85	5375.34	5367.24	5369.51	1853	0	38
2026.03.03	06:45:00	5369.62	5369.85	5360.90	5361.26	2575	0	38
2026.03.03	07:00:00	5361.17	5367.06	5354.04	5362.09	2937	0	38
2026.03.03	07:15:00	5362.11	5364.05	5352.91	5358.78	2677	0	38
2026.03.03	07:30:00	5358.71	5359.26	5334.57	5345.08	5208	0	38
2026.03.03	07:45:00	5345.20	5346.60	5305.48	5318.97	6131	0	38
2026.03.03	08:00:00	5318.99	5322.90	5279.30	5289.78	5930	0	38
2026.03.03	08:15:00	5289.68	5319.47	5288.07	5316.68	5216	0	38
2026.03.03	08:30:00	5316.65	5319.13	5295.73	5310.15	5026	0	38
2026.03.03	08:45:00	5310.18	5315.27	5290.81	5310.55	4764	0	38
2026.03.03	09:00:00	5309.50	5318.26	5305.92	5314.84	3426	0	35
2026.03.03	09:15:00	5314.89	5319.96	5310.20	5313.32	3207	0	35
2026.03.03	09:30:00	5313.46	5328.33	5313.46	5326.59	3341	0	35
2026.03.03	09:45:00	5326.44	5331.07	5323.58	5327.62	3407	0	35
2026.03.03	10:00:00	5327.31	5335.87	5319.86	5319.86	4301	0	35
2026.03.03	10:15:00	5320.68	5328.47	5310.89	5311.92	4200	0	35
2026.03.03	10:30:00	5312.01	5313.30	5295.88	5305.08	4866	0	35
2026.03.03	10:45:00	5304.97	5311.59	5290.19	5295.63	4687	0	34
2026.03.03	11:00:00	5295.65	5303.96	5284.13	5296.10	4828	0	35
2026.03.03	11:15:00	5296.14	5302.34	5225.78	5241.65	5694	0	35
2026.03.03	11:30:00	5241.72	5270.41	5240.58	5263.85	5657	0	34
2026.03.03	11:45:00	5263.84	5280.87	5259.89	5274.99	4695	0	34
2026.03.03	12:00:00	5274.90	5287.69	5268.35	5272.80	4400	0	34
2026.03.03	12:15:00	5272.78	5281.13	5265.80	5276.66	4313	0	34
2026.03.03	12:30:00	5276.04	5276.72	5247.31	5260.87	5158	0	34
2026.03.03	12:45:00	5260.92	5260.92	5237.82	5247.97	5798	0	34
2026.03.03	13:00:00	5247.90	5263.92	5160.76	5199.16	6841	0	34
2026.03.03	13:15:00	5198.85	5208.82	5120.81	5126.52	7014	0	34
2026.03.03	13:30:00	5126.65	5143.34	5074.13	5124.89	7880	0	34
2026.03.03	13:45:00	5124.87	5157.64	5123.48	5144.86	7022	0	34
2026.03.03	14:00:00	5144.70	5193.23	5138.50	5192.66	6842	0	38
2026.03.03	14:15:00	5192.65	5208.69	5181.22	5204.42	5803	0	36
2026.03.03	14:30:00	5204.30	5212.01	5188.73	5202.62	4900	0	35
2026.03.03	14:45:00	5202.57	5226.68	5196.05	5224.59	5165	0	35
2026.03.03	15:00:00	5224.55	5224.61	5146.22	5163.79	11030	0	36
2026.03.03	15:15:00	5163.21	5184.50	5159.50	5177.91	8444	0	35
2026.03.03	15:30:00	5176.60	5186.14	5147.46	5155.94	6246	0	35
2026.03.03	15:45:00	5156.06	5159.16	5127.40	5156.67	6115	0	35
2026.03.03	16:00:00	5156.65	5175.31	5150.36	5165.04	6491	0	35
2026.03.03	16:15:00	5165.02	5166.42	5125.04	5145.96	6239	0	35
2026.03.03	16:30:00	5145.90	5145.90	5061.90	5071.20	7934	0	36
2026.03.03	16:45:00	5071.22	5076.40	5015.73	5037.70	7999	0	36
2026.03.03	17:00:00	5037.73	5069.97	5025.65	5039.91	7945	0	35
2026.03.03	17:15:00	5039.94	5053.27	4996.17	5044.11	7580	0	35
2026.03.03	17:30:00	5043.98	5069.93	5037.17	5061.57	7367	0	35
2026.03.03	17:45:00	5061.56	5096.88	5054.15	5095.13	7390	0	35
2026.03.03	18:00:00	5095.64	5122.75	5090.54	5108.00	7440	0	35
2026.03.03	18:15:00	5107.99	5126.13	5100.08	5112.76	7186	0	35
2026.03.03	18:30:00	5113.10	5134.50	5107.19	5111.40	7218	0	35
2026.03.03	18:45:00	5111.43	5115.64	5097.98	5106.71	7054	0	35
2026.03.03	19:00:00	5106.91	5107.43	5080.84	5098.04	7133	0	35
2026.03.03	19:15:00	5098.02	5109.68	5081.73	5083.21	6141	0	35
2026.03.03	19:30:00	5083.14	5085.81	5065.27	5078.64	6722	0	35
2026.03.03	19:45:00	5078.71	5084.31	5067.48	5079.05	6181	0	35
2026.03.03	20:00:00	5079.17	5103.88	5078.99	5103.33	6224	0	35
2026.03.03	20:15:00	5103.38	5117.11	5093.49	5112.05	5928	0	35
2026.03.03	20:30:00	5112.15	5137.14	5107.09	5133.22	6069	0	35
2026.03.03	20:45:00	5133.38	5137.95	5127.08	5135.85	5240	0	35
2026.03.03	21:00:00	5135.79	5148.50	5110.01	5111.29	5981	0	35
2026.03.03	21:15:00	5112.09	5121.37	5102.04	5106.16	5275	0	35
2026.03.03	21:30:00	5106.45	5118.87	5099.39	5118.81	6005	0	35
2026.03.03	21:45:00	5118.83	5128.34	5107.10	5113.17	5830	0	35
2026.03.03	22:00:00	5113.19	5126.91	5111.99	5118.81	5699	0	35
2026.03.03	22:15:00	5118.97	5130.35	5114.05	5122.99	5318	0	35
2026.03.03	22:30:00	5122.81	5126.37	5102.32	5111.45	5396	0	35
2026.03.03	22:45:00	5111.35	5113.13	5085.84	5096.75	6061	0	35
2026.03.03	23:00:00	5097.02	5110.32	5094.40	5098.54	2689	0	35
2026.03.03	23:15:00	5098.59	5100.96	5089.26	5089.35	2839	0	45
2026.03.03	23:30:00	5089.34	5096.29	5083.83	5091.78	2174	0	45
2026.03.03	23:45:00	5091.86	5093.57	5083.26	5087.80	2246	0	45
2026.03.04	01:00:00	5103.82	5117.84	5083.96	5117.09	3717	0	45
2026.03.04	01:15:00	5116.99	5128.16	5116.66	5126.10	3074	0	38
2026.03.04	01:30:00	5126.15	5128.38	5116.89	5125.53	2826	0	38
2026.03.04	01:45:00	5125.56	5129.87	5120.21	5125.25	2526	0	38
2026.03.04	02:00:00	5125.27	5126.16	5106.09	5115.80	4041	0	38
2026.03.04	02:15:00	5115.76	5128.98	5113.00	5125.07	3554	0	38
2026.03.04	02:30:00	5125.12	5137.55	5122.44	5132.18	2928	0	38
2026.03.04	02:45:00	5132.17	5140.21	5127.93	5138.62	3510	0	38
2026.03.04	03:00:00	5138.64	5162.68	5138.64	5159.49	5925	0	38
2026.03.04	03:15:00	5159.45	5164.17	5146.00	5146.23	5632	0	38
2026.03.04	03:30:00	5146.26	5163.51	5141.97	5162.96	5858	0	38
2026.03.04	03:45:00	5162.97	5178.56	5158.27	5175.03	4963	0	38
2026.03.04	04:00:00	5175.00	5190.70	5168.17	5189.65	4768	0	38
2026.03.04	04:15:00	5189.64	5189.66	5175.91	5177.71	3728	0	38
2026.03.04	04:30:00	5177.69	5179.92	5163.63	5179.61	4869	0	38
2026.03.04	04:45:00	5179.90	5180.85	5154.08	5156.19	5121	0	38
2026.03.04	05:00:00	5156.18	5160.09	5140.89	5155.90	4726	0	38
2026.03.04	05:15:00	5155.82	5167.97	5151.08	5162.29	4093	0	38
2026.03.04	05:30:00	5162.31	5167.60	5153.58	5162.92	4434	0	38
2026.03.04	05:45:00	5162.94	5177.36	5158.93	5174.46	3825	0	38
2026.03.04	06:00:00	5174.44	5180.72	5171.78	5173.97	2836	0	38
2026.03.04	06:15:00	5173.98	5174.24	5162.32	5168.24	3072	0	38
2026.03.04	06:30:00	5167.95	5170.59	5151.93	5161.64	3528	0	38
2026.03.04	06:45:00	5161.65	5164.98	5155.29	5156.80	3099	0	38
2026.03.04	07:00:00	5156.79	5166.32	5152.08	5160.89	3779	0	38
2026.03.04	07:15:00	5160.88	5165.79	5152.90	5156.51	3543	0	38
2026.03.04	07:30:00	5156.49	5167.59	5155.19	5160.17	4502	0	38
2026.03.04	07:45:00	5160.18	5168.24	5153.99	5159.91	4500	0	38
2026.03.04	08:00:00	5159.89	5159.90	5121.21	5141.88	5224	0	38
2026.03.04	08:15:00	5141.36	5150.33	5128.41	5134.45	4722	0	38
2026.03.04	08:30:00	5134.51	5155.89	5132.90	5148.06	4485	0	35
2026.03.04	08:45:00	5148.76	5160.39	5146.76	5160.33	3830	0	35
2026.03.04	09:00:00	5160.49	5175.89	5158.35	5167.61	4184	0	34
2026.03.04	09:15:00	5167.62	5174.55	5163.29	5167.73	3524	0	34
2026.03.04	09:30:00	5167.50	5173.04	5163.39	5169.40	2811	0	34
2026.03.04	09:45:00	5169.38	5175.88	5168.28	5168.28	2492	0	34
2026.03.04	10:00:00	5168.27	5172.11	5147.80	5157.21	4286	0	35
2026.03.04	10:15:00	5157.23	5168.57	5152.32	5162.68	3436	0	34
2026.03.04	10:30:00	5162.83	5176.01	5161.95	5175.64	3530	0	34
2026.03.04	10:45:00	5175.65	5182.05	5166.38	5167.50	3300	0	34
2026.03.04	11:00:00	5167.48	5171.27	5159.09	5164.09	4040	0	34
2026.03.04	11:15:00	5164.10	5178.41	5162.17	5170.85	2851	0	34
2026.03.04	11:30:00	5170.80	5184.88	5168.98	5182.47	2479	0	34
2026.03.04	11:45:00	5182.54	5184.86	5175.86	5182.17	2715	0	34
2026.03.04	12:00:00	5182.19	5197.95	5182.19	5197.79	3959	0	34
2026.03.04	12:15:00	5197.81	5202.46	5186.80	5188.23	3827	0	34
2026.03.04	12:30:00	5188.33	5191.06	5179.59	5185.41	3152	0	34
2026.03.04	12:45:00	5185.42	5193.70	5181.39	5189.75	2399	0	34
2026.03.04	13:00:00	5189.74	5196.32	5187.73	5194.95	2060	0	34
2026.03.04	13:15:00	5194.96	5197.53	5190.21	5194.88	2195	0	34
2026.03.04	13:30:00	5194.86	5200.56	5190.84	5192.95	2528	0	34
2026.03.04	13:45:00	5192.94	5194.23	5187.63	5192.08	2306	0	34
2026.03.04	14:00:00	5192.10	5205.95	5192.08	5197.48	3180	0	34
2026.03.04	14:15:00	5197.53	5197.72	5174.16	5178.20	4123	0	35
2026.03.04	14:30:00	5178.19	5178.28	5156.25	5166.83	4635	0	34
2026.03.04	14:45:00	5165.54	5173.11	5159.69	5171.05	3476	0	34
2026.03.04	15:00:00	5171.14	5196.18	5171.00	5193.68	5147	0	34
2026.03.04	15:15:00	5193.82	5195.34	5179.10	5192.28	4567	0	34
2026.03.04	15:30:00	5192.33	5192.92	5181.85	5188.34	4517	0	34
2026.03.04	15:45:00	5188.29	5192.18	5167.29	5167.87	4543	0	34
2026.03.04	16:00:00	5167.88	5180.57	5163.84	5165.01	4841	0	34
2026.03.04	16:15:00	5165.00	5175.06	5160.12	5165.99	5123	0	34
2026.03.04	16:30:00	5166.02	5184.98	5163.02	5171.76	7222	0	34
2026.03.04	16:45:00	5171.75	5179.51	5138.56	5146.79	6968	0	34
2026.03.04	17:00:00	5145.15	5162.63	5131.19	5134.12	6863	0	34
2026.03.04	17:15:00	5133.59	5159.76	5132.52	5156.22	6851	0	34
2026.03.04	17:30:00	5156.13	5166.95	5137.59	5143.86	6461	0	34
2026.03.04	17:45:00	5143.83	5153.01	5133.27	5151.23	6043	0	34
2026.03.04	18:00:00	5151.28	5162.53	5143.36	5148.26	5659	0	34
2026.03.04	18:15:00	5148.34	5155.75	5138.17	5145.99	5999	0	34
2026.03.04	18:30:00	5145.97	5159.15	5143.91	5146.70	5520	0	34
2026.03.04	18:45:00	5146.75	5152.73	5142.88	5149.61	4683	0	34
2026.03.04	19:00:00	5149.60	5153.00	5142.90	5147.23	4553	0	34
2026.03.04	19:15:00	5147.20	5149.73	5120.35	5133.45	4830	0	34
2026.03.04	19:30:00	5133.67	5139.06	5128.31	5137.40	5095	0	34
2026.03.04	19:45:00	5137.45	5147.43	5135.57	5140.98	4337	0	34
2026.03.04	20:00:00	5141.05	5143.37	5117.67	5124.36	5266	0	34
2026.03.04	20:15:00	5124.45	5127.92	5110.88	5123.82	5359	0	34
2026.03.04	20:30:00	5123.85	5129.72	5109.19	5125.20	4446	0	34
2026.03.04	20:45:00	5125.20	5134.66	5123.77	5133.30	3143	0	34
2026.03.04	21:00:00	5133.55	5136.57	5126.10	5130.99	2805	0	34
2026.03.04	21:15:00	5131.59	5133.05	5124.44	5124.56	2909	0	34
2026.03.04	21:30:00	5124.52	5132.10	5123.21	5130.77	3410	0	34
2026.03.04	21:45:00	5130.78	5139.53	5129.58	5137.84	3397	0	34
2026.03.04	22:00:00	5137.76	5138.74	5126.82	5129.77	3430	0	34
2026.03.04	22:15:00	5129.86	5138.39	5123.54	5137.20	3507	0	34
2026.03.04	22:30:00	5137.31	5146.78	5136.89	5143.91	3221	0	34
2026.03.04	22:45:00	5143.87	5144.52	5132.85	5134.66	4211	0	34
2026.03.04	23:00:00	5135.22	5143.95	5133.77	5140.39	1858	0	35
2026.03.04	23:15:00	5140.00	5141.62	5136.20	5141.22	1336	0	45
2026.03.04	23:30:00	5141.30	5141.72	5129.29	5135.55	1403	0	45
2026.03.04	23:45:00	5135.35	5142.18	5134.90	5140.40	1300	0	45
2026.03.05	01:00:00	5146.43	5155.04	5144.79	5146.71	2181	0	45
2026.03.05	01:15:00	5146.56	5156.62	5146.29	5154.53	1450	0	35
2026.03.05	01:30:00	5154.54	5156.14	5148.67	5155.60	1146	0	35
2026.03.05	01:45:00	5155.65	5166.08	5154.89	5165.19	2085	0	35
2026.03.05	02:00:00	5165.15	5172.71	5159.40	5171.09	2276	0	35
2026.03.05	02:15:00	5171.17	5179.68	5170.59	5173.46	1749	0	35
2026.03.05	02:30:00	5173.23	5176.81	5168.56	5171.39	1533	0	35
2026.03.05	02:45:00	5171.40	5177.12	5166.20	5172.50	2258	0	35
2026.03.05	03:00:00	5172.56	5186.55	5169.82	5176.44	4332	0	35
2026.03.05	03:15:00	5176.45	5182.24	5172.43	5177.39	3939	0	35
2026.03.05	03:30:00	5177.45	5178.70	5167.17	5172.30	4369	0	35
2026.03.05	03:45:00	5172.28	5179.76	5169.21	5172.45	3885	0	35
2026.03.05	04:00:00	5172.28	5181.54	5171.49	5178.58	3849	0	35
2026.03.05	04:15:00	5178.54	5187.99	5176.36	5184.03	2905	0	35
2026.03.05	04:30:00	5184.04	5187.20	5174.56	5175.10	3511	0	35
2026.03.05	04:45:00	5175.43	5192.35	5174.38	5192.00	3303	0	35
2026.03.05	05:00:00	5191.99	5194.82	5183.91	5185.73	2932	0	35
2026.03.05	05:15:00	5185.74	5191.07	5184.51	5184.96	2836	0	35
2026.03.05	05:30:00	5184.98	5190.86	5181.19	5188.46	2241	0	35
2026.03.05	05:45:00	5188.47	5190.99	5178.31	5180.15	1890	0	35
2026.03.05	06:00:00	5180.02	5185.70	5176.90	5183.50	1680	0	35
2026.03.05	06:15:00	5183.54	5186.55	5174.71	5178.29	1906	0	35
2026.03.05	06:30:00	5178.23	5179.95	5173.88	5174.26	1496	0	35
2026.03.05	06:45:00	5174.24	5175.49	5166.35	5171.55	2063	0	35
2026.03.05	07:00:00	5171.57	5176.65	5169.09	5175.55	1941	0	35
2026.03.05	07:15:00	5175.53	5176.55	5169.83	5172.29	1787	0	35
2026.03.05	07:30:00	5172.28	5173.98	5161.89	5166.35	3620	0	35
2026.03.05	07:45:00	5166.19	5169.23	5148.24	5148.43	3963	0	35
2026.03.05	08:00:00	5148.52	5155.24	5120.72	5131.90	5543	0	35
2026.03.05	08:15:00	5132.36	5143.81	5124.26	5142.95	4419	0	35
2026.03.05	08:30:00	5142.96	5156.57	5140.29	5150.70	3782	0	35
2026.03.05	08:45:00	5150.74	5168.60	5148.94	5167.53	3645	0	35
2026.03.05	09:00:00	5167.54	5172.58	5161.37	5161.88	3517	0	34
2026.03.05	09:15:00	5161.89	5168.03	5159.84	5166.20	2807	0	34
2026.03.05	09:30:00	5166.24	5167.04	5159.58	5160.34	2933	0	34
2026.03.05	09:45:00	5160.33	5166.05	5158.64	5162.18	2924	0	34
2026.03.05	10:00:00	5162.17	5162.56	5141.82	5141.82	4425	0	34
2026.03.05	10:15:00	5141.77	5148.48	5137.52	5144.35	4249	0	34
2026.03.05	10:30:00	5144.40	5163.29	5143.57	5160.99	3634	0	34
2026.03.05	10:45:00	5160.97	5170.07	5160.97	5165.53	2930	0	34
2026.03.05	11:00:00	5165.51	5180.23	5161.38	5179.61	4948	0	34
2026.03.05	11:15:00	5179.63	5180.49	5167.03	5169.56	4227	0	34
2026.03.05	11:30:00	5169.57	5169.68	5153.80	5162.49	3551	0	34
2026.03.05	11:45:00	5162.50	5165.37	5157.28	5161.03	2896	0	34
2026.03.05	12:00:00	5161.00	5161.00	5146.14	5154.29	3190	0	34
2026.03.05	12:15:00	5154.27	5158.46	5151.49	5156.17	2716	0	34
2026.03.05	12:30:00	5156.05	5158.71	5147.69	5157.01	2698	0	34
2026.03.05	12:45:00	5157.02	5167.47	5156.57	5164.50	2588	0	34
2026.03.05	13:00:00	5164.63	5167.90	5161.47	5164.56	2249	0	34
2026.03.05	13:15:00	5164.61	5166.87	5160.99	5163.04	2054	0	34
2026.03.05	13:30:00	5163.01	5164.57	5156.90	5160.87	1962	0	34
2026.03.05	13:45:00	5160.83	5165.04	5160.31	5163.86	2051	0	34
2026.03.05	14:00:00	5163.93	5171.41	5163.10	5168.44	2557	0	34
2026.03.05	14:15:00	5168.46	5170.32	5161.91	5161.92	2320	0	34
2026.03.05	14:30:00	5161.89	5167.82	5160.89	5162.47	2004	0	34
2026.03.05	14:45:00	5162.45	5166.02	5160.91	5162.41	2139	0	34
2026.03.05	15:00:00	5162.50	5163.97	5146.50	5155.73	4986	0	34
2026.03.05	15:15:00	5155.74	5159.96	5084.77	5122.87	6688	0	35
2026.03.05	15:30:00	5122.64	5137.83	5114.83	5131.40	5223	0	34
2026.03.05	15:45:00	5131.34	5132.00	5109.71	5117.80	5156	0	34
2026.03.05	16:00:00	5117.71	5129.76	5110.07	5113.07	5408	0	34
2026.03.05	16:15:00	5112.97	5120.88	5102.80	5120.20	5549	0	34
2026.03.05	16:30:00	5120.21	5123.67	5090.76	5097.18	7307	0	34
2026.03.05	16:45:00	5097.12	5110.92	5091.22	5102.13	7119	0	34
2026.03.05	17:00:00	5102.07	5119.99	5061.94	5085.33	7294	0	34
2026.03.05	17:15:00	5085.32	5093.98	5072.10	5086.30	6744	0	34
2026.03.05	17:30:00	5086.36	5093.46	5077.55	5080.28	6636	0	34
2026.03.05	17:45:00	5080.28	5103.02	5079.48	5102.42	6131	0	34
2026.03.05	18:00:00	5102.43	5104.42	5074.24	5082.96	5895	0	34
2026.03.05	18:15:00	5082.36	5085.11	5060.05	5063.63	5827	0	34
2026.03.05	18:30:00	5063.96	5072.36	5054.22	5070.66	6418	0	34
2026.03.05	18:45:00	5071.23	5081.17	5070.26	5077.65	5579	0	34
2026.03.05	19:00:00	5077.64	5089.50	5073.98	5086.27	5527	0	34
2026.03.05	19:15:00	5086.31	5088.89	5075.22	5075.22	5323	0	34
2026.03.05	19:30:00	5075.00	5077.23	5054.93	5063.41	6095	0	34
2026.03.05	19:45:00	5063.52	5069.02	5055.57	5062.82	5972	0	34
2026.03.05	20:00:00	5062.81	5073.51	5050.98	5072.00	6184	0	34
2026.03.05	20:15:00	5071.86	5075.88	5061.38	5071.23	6194	0	34
2026.03.05	20:30:00	5071.19	5085.38	5070.51	5083.04	5511	0	34
2026.03.05	20:45:00	5083.16	5083.51	5067.12	5069.26	4699	0	34
2026.03.05	21:00:00	5069.27	5081.11	5067.42	5073.33	4561	0	34
2026.03.05	21:15:00	5073.36	5073.36	5062.10	5066.77	4712	0	34
2026.03.05	21:30:00	5066.74	5067.09	5055.64	5065.85	5131	0	34
2026.03.05	21:45:00	5065.71	5070.40	5062.09	5065.96	5202	0	34
2026.03.05	22:00:00	5065.83	5079.65	5061.70	5078.92	5645	0	34
2026.03.05	22:15:00	5078.90	5094.73	5076.06	5080.57	5715	0	34
2026.03.05	22:30:00	5080.59	5082.45	5074.26	5081.22	5341	0	34
2026.03.05	22:45:00	5080.56	5081.57	5072.79	5076.57	5788	0	34
2026.03.05	23:00:00	5076.58	5084.04	5072.01	5076.32	2347	0	34
2026.03.05	23:15:00	5076.34	5081.38	5075.54	5080.76	1342	0	45
2026.03.05	23:30:00	5080.77	5082.55	5072.53	5075.50	1574	0	45
2026.03.05	23:45:00	5075.24	5084.93	5074.18	5082.25	1433	0	45
2026.03.06	01:00:00	5084.97	5092.29	5081.14	5086.22	2004	0	45
2026.03.06	01:15:00	5086.23	5096.80	5083.11	5091.30	2246	0	35
2026.03.06	01:30:00	5091.20	5101.62	5087.33	5101.02	1800	0	35
2026.03.06	01:45:00	5101.00	5101.00	5084.61	5086.18	2253	0	35
2026.03.06	02:00:00	5086.12	5091.31	5074.16	5085.35	2705	0	35
2026.03.06	02:15:00	5085.32	5092.15	5078.27	5090.56	2360	0	35
2026.03.06	02:30:00	5090.57	5092.08	5075.29	5083.53	2226	0	35
2026.03.06	02:45:00	5083.51	5089.61	5076.77	5084.39	2656	0	35
2026.03.06	03:00:00	5084.37	5086.04	5066.57	5077.04	4846	0	35
2026.03.06	03:15:00	5077.01	5088.87	5075.23	5085.69	3917	0	35
2026.03.06	03:30:00	5085.70	5120.13	5085.60	5118.42	4705	0	35
2026.03.06	03:45:00	5118.41	5143.28	5117.53	5134.68	4900	0	35
2026.03.06	04:00:00	5134.64	5138.53	5125.43	5130.48	4067	0	35
2026.03.06	04:15:00	5130.52	5134.28	5127.93	5128.58	2346	0	35
2026.03.06	04:30:00	5128.70	5131.76	5122.03	5124.27	3081	0	35
2026.03.06	04:45:00	5124.27	5129.00	5122.92	5126.24	2688	0	35
2026.03.06	05:00:00	5126.20	5134.73	5124.27	5132.86	2758	0	35
2026.03.06	05:15:00	5132.85	5141.34	5130.72	5136.54	2668	0	35
2026.03.06	05:30:00	5136.50	5137.87	5129.05	5132.41	1855	0	35
2026.03.06	05:45:00	5132.41	5134.54	5129.83	5131.02	1303	0	35
2026.03.06	06:00:00	5131.03	5135.94	5130.50	5135.04	1445	0	35
2026.03.06	06:15:00	5135.06	5136.27	5127.45	5129.52	1335	0	35
2026.03.06	06:30:00	5129.53	5133.40	5128.30	5132.40	1354	0	35
2026.03.06	06:45:00	5132.40	5135.68	5126.52	5127.50	1361	0	35
2026.03.06	07:00:00	5127.47	5129.84	5122.83	5126.53	1878	0	35
2026.03.06	07:15:00	5126.52	5129.89	5122.73	5129.73	1672	0	35
2026.03.06	07:30:00	5129.80	5130.03	5118.97	5120.99	3221	0	35
2026.03.06	07:45:00	5120.99	5123.22	5114.25	5117.03	3196	0	35
2026.03.06	08:00:00	5117.15	5121.45	5109.16	5116.25	3019	0	35
2026.03.06	08:15:00	5116.26	5122.84	5114.40	5120.13	2575	0	35
2026.03.06	08:30:00	5120.05	5122.86	5116.48	5121.12	2259	0	35
2026.03.06	08:45:00	5121.10	5122.29	5115.02	5115.85	1925	0	35
2026.03.06	09:00:00	5115.62	5117.30	5105.49	5111.28	2227	0	34
2026.03.06	09:15:00	5111.27	5119.63	5110.75	5114.61	2456	0	34
2026.03.06	09:30:00	5114.47	5116.25	5107.60	5114.05	2583	0	34
2026.03.06	09:45:00	5114.03	5120.72	5112.45	5119.55	2005	0	34
2026.03.06	10:00:00	5119.60	5122.85	5110.68	5115.42	3114	0	34
2026.03.06	10:15:00	5115.41	5117.54	5099.29	5100.49	3104	0	34
2026.03.06	10:30:00	5100.46	5108.58	5096.27	5107.60	2602	0	34
2026.03.06	10:45:00	5107.61	5113.38	5106.85	5108.50	1912	0	34
2026.03.06	11:00:00	5109.33	5109.33	5094.47	5095.64	3168	0	34
2026.03.06	11:15:00	5095.64	5102.33	5091.73	5098.96	3305	0	34
2026.03.06	11:30:00	5098.87	5103.68	5087.74	5096.15	3558	0	34
2026.03.06	11:45:00	5096.11	5097.33	5083.46	5085.63	3595	0	34
2026.03.06	12:00:00	5085.64	5090.52	5075.60	5082.66	3845	0	34
2026.03.06	12:15:00	5082.50	5092.83	5079.80	5087.35	2712	0	34
2026.03.06	12:30:00	5087.34	5091.55	5080.88	5081.58	2710	0	34
2026.03.06	12:45:00	5081.69	5092.78	5081.61	5091.00	2781	0	34
2026.03.06	13:00:00	5091.12	5091.54	5080.43	5086.01	3323	0	34
2026.03.06	13:15:00	5086.05	5098.09	5085.50	5094.55	2653	0	34
2026.03.06	13:30:00	5094.53	5099.85	5080.83	5081.10	2849	0	34
2026.03.06	13:45:00	5081.11	5087.11	5062.81	5077.01	3837	0	34
2026.03.06	14:00:00	5077.03	5091.01	5076.32	5089.98	3991	0	34
2026.03.06	14:15:00	5089.91	5096.66	5086.15	5088.42	3016	0	34
2026.03.06	14:30:00	5088.41	5096.57	5085.23	5096.17	3348	0	34
2026.03.06	14:45:00	5096.54	5096.65	5081.31	5083.16	2789	0	34
2026.03.06	15:00:00	5082.78	5083.37	5065.50	5073.04	5676	0	34
2026.03.06	15:15:00	5073.11	5088.71	5072.40	5083.00	4428	0	34
2026.03.06	15:30:00	5082.94	5131.16	5082.94	5121.63	7113	0	34
2026.03.06	15:45:00	5122.02	5122.22	5073.85	5084.99	6790	0	34
2026.03.06	16:00:00	5085.03	5102.64	5080.98	5096.86	5945	0	34
2026.03.06	16:15:00	5096.85	5109.28	5087.95	5104.37	5294	0	34
2026.03.06	16:30:00	5104.42	5115.33	5084.16	5089.15	7710	0	34
2026.03.06	16:45:00	5089.33	5132.38	5087.38	5130.41	7295	0	34
2026.03.06	17:00:00	5130.37	5159.10	5127.94	5149.18	7725	0	34
2026.03.06	17:15:00	5149.31	5171.44	5144.30	5161.74	7371	0	34
2026.03.06	17:30:00	5161.73	5166.51	5149.79	5154.00	6675	0	34
2026.03.06	17:45:00	5153.95	5157.38	5134.41	5141.91	5967	0	34
2026.03.06	18:00:00	5141.92	5150.78	5135.90	5143.63	5713	0	34
2026.03.06	18:15:00	5143.72	5153.04	5136.41	5142.23	5380	0	34
2026.03.06	18:30:00	5142.25	5146.10	5125.86	5141.98	5457	0	34
2026.03.06	18:45:00	5141.97	5148.15	5129.68	5139.96	5242	0	34
2026.03.06	19:00:00	5139.95	5142.41	5128.82	5136.70	5167	0	34
2026.03.06	19:15:00	5136.62	5145.34	5133.15	5142.10	5128	0	34
2026.03.06	19:30:00	5142.14	5152.43	5136.51	5137.45	4627	0	34
2026.03.06	19:45:00	5137.43	5140.85	5132.87	5140.76	4172	0	34
2026.03.06	20:00:00	5140.81	5147.40	5138.67	5145.43	4660	0	34
2026.03.06	20:15:00	5145.44	5151.11	5143.09	5150.23	4679	0	34
2026.03.06	20:30:00	5150.28	5165.31	5148.88	5165.29	3990	0	34
2026.03.06	20:45:00	5165.37	5167.61	5156.67	5161.10	3536	0	34
2026.03.06	21:00:00	5161.09	5171.20	5160.60	5171.20	3243	0	34
2026.03.06	21:15:00	5171.19	5174.48	5164.31	5165.13	3354	0	34
2026.03.06	21:30:00	5165.14	5167.84	5157.70	5158.05	3432	0	34
2026.03.06	21:45:00	5158.03	5163.75	5156.57	5159.75	2981	0	34
2026.03.06	22:00:00	5159.76	5162.44	5153.79	5155.48	3557	0	34
2026.03.06	22:15:00	5155.31	5160.49	5152.77	5153.74	3264	0	34
2026.03.06	22:30:00	5153.70	5161.45	5149.69	5157.67	4101	0	34
2026.03.06	22:45:00	5157.82	5160.44	5150.68	5153.39	4112	0	34
2026.03.06	23:00:00	5153.25	5167.47	5150.78	5165.22	2196	0	34
2026.03.06	23:15:00	5165.23	5170.45	5164.88	5168.19	1493	0	41
2026.03.06	23:30:00	5167.62	5171.88	5166.35	5170.44	1055	0	41
2026.03.06	23:45:00	5170.45	5178.03	5169.34	5171.80	1281	0	45
2026.03.09	01:00:00	5130.12	5135.57	5094.13	5101.79	5369	0	36
2026.03.09	01:15:00	5101.80	5106.87	5094.92	5104.61	3817	0	34
2026.03.09	01:30:00	5104.54	5105.09	5044.55	5072.88	5122	0	36
2026.03.09	01:45:00	5072.90	5079.67	5054.21	5075.99	5408	0	37
2026.03.09	02:00:00	5076.10	5080.10	5028.63	5036.25	6025	0	34
2026.03.09	02:15:00	5036.23	5052.90	5032.88	5046.02	5669	0	34
2026.03.09	02:30:00	5045.87	5060.16	5044.00	5052.67	4935	0	37
2026.03.09	02:45:00	5052.62	5057.64	5033.70	5050.03	5615	0	37
2026.03.09	03:00:00	5049.94	5074.34	5014.95	5072.47	7640	0	39
2026.03.09	03:15:00	5072.38	5087.41	5069.84	5072.03	6040	0	39
2026.03.09	03:30:00	5071.86	5086.12	5071.47	5080.59	5292	0	39
2026.03.09	03:45:00	5079.70	5082.50	5064.88	5069.99	5507	0	39
2026.03.09	04:00:00	5070.02	5095.48	5055.43	5094.33	5778	0	34
2026.03.09	04:15:00	5094.35	5094.54	5072.77	5077.83	4597	0	34
2026.03.09	04:30:00	5077.74	5093.83	5076.08	5092.57	5638	0	34
2026.03.09	04:45:00	5092.58	5099.10	5085.65	5094.84	4329	0	35
2026.03.09	05:00:00	5094.57	5099.28	5084.27	5087.10	4368	0	34
2026.03.09	05:15:00	5087.24	5102.11	5084.18	5084.22	4167	0	34
2026.03.09	05:30:00	5084.18	5093.99	5081.48	5086.93	3583	0	34
2026.03.09	05:45:00	5086.96	5093.31	5086.77	5091.27	2175	0	34
2026.03.09	06:00:00	5091.30	5097.18	5086.90	5090.83	2414	0	37
2026.03.09	06:15:00	5090.91	5094.61	5088.20	5089.22	2199	0	34
2026.03.09	06:30:00	5089.28	5092.94	5087.25	5090.20	2140	0	34
2026.03.09	06:45:00	5090.35	5091.27	5085.16	5090.09	2288	0	34
2026.03.09	07:00:00	5090.19	5102.02	5080.83	5096.60	3530	0	34
2026.03.09	07:15:00	5096.58	5104.51	5087.51	5095.39	4284	0	35
2026.03.09	07:30:00	5095.53	5121.18	5091.97	5120.53	5565	0	35
2026.03.09	07:45:00	5120.61	5140.36	5119.39	5124.21	5894	0	34
2026.03.09	08:00:00	5124.20	5133.96	5119.07	5127.67	5171	0	34
2026.03.09	08:15:00	5127.66	5131.36	5123.19	5126.26	4522	0	34
2026.03.09	08:30:00	5126.42	5129.65	5104.88	5106.88	4566	0	34
2026.03.09	08:45:00	5106.89	5111.27	5097.05	5097.68	4136	0	34
2026.03.09	09:00:00	5097.67	5101.91	5088.47	5096.89	4194	0	34
2026.03.09	09:15:00	5096.86	5106.91	5095.51	5106.61	3423	0	34
2026.03.09	09:30:00	5106.60	5107.83	5099.94	5101.08	3340	0	34
2026.03.09	09:45:00	5101.07	5101.37	5093.51	5098.71	3226	0	34
2026.03.09	10:00:00	5099.05	5110.62	5098.89	5099.81	4527	0	34
2026.03.09	10:15:00	5099.82	5106.40	5090.69	5091.21	4083	0	34
2026.03.09	10:30:00	5091.48	5096.78	5087.14	5090.09	4001	0	34
2026.03.09	10:45:00	5089.94	5102.43	5087.29	5096.48	3765	0	34
2026.03.09	11:00:00	5095.93	5116.70	5095.12	5112.67	3943	0	34
2026.03.09	11:15:00	5112.86	5126.74	5112.20	5125.20	3647	0	34
2026.03.09	11:30:00	5125.25	5132.44	5102.76	5102.81	4529	0	34
2026.03.09	11:45:00	5102.82	5107.43	5096.55	5105.23	3759	0	34
2026.03.09	12:00:00	5105.25	5111.06	5102.73	5108.97	2938	0	34
2026.03.09	12:15:00	5109.10	5110.29	5098.17	5099.52	2650	0	34
2026.03.09	12:30:00	5099.32	5100.13	5088.96	5095.71	3697	0	34
2026.03.09	12:45:00	5095.61	5096.47	5084.08	5087.14	3632	0	34
2026.03.09	13:00:00	5088.27	5097.28	5088.27	5090.37	3292	0	34
2026.03.09	13:15:00	5090.32	5092.44	5080.00	5085.67	3519	0	34
2026.03.09	13:30:00	5085.72	5093.01	5082.08	5085.70	3386	0	34
2026.03.09	13:45:00	5085.71	5094.42	5084.07	5087.93	2844	0	34
2026.03.09	14:00:00	5088.09	5098.66	5088.09	5095.91	2027	0	34
2026.03.09	14:45:00	5097.33	5098.20	5093.35	5094.90	1882	0	34
2026.03.09	15:00:00	5094.93	5099.25	5087.95	5092.56	5020	0	34
2026.03.09	15:15:00	5092.50	5098.27	5084.53	5094.68	4625	0	34
2026.03.09	15:30:00	5094.43	5111.26	5074.47	5076.32	7301	0	34
2026.03.09	15:45:00	5076.10	5084.59	5067.30	5073.91	7174	0	34
2026.03.09	16:00:00	5073.95	5088.32	5060.54	5071.38	7311	0	34
2026.03.09	16:15:00	5071.41	5084.26	5064.71	5081.58	6898	0	34
2026.03.09	16:30:00	5081.48	5114.57	5079.89	5112.45	6494	0	34
2026.03.09	16:45:00	5112.46	5115.96	5085.87	5093.86	5917	0	34
2026.03.09	17:00:00	5093.79	5094.64	5079.47	5091.73	5928	0	34
2026.03.09	17:15:00	5091.66	5100.25	5081.91	5099.56	4858	0	34
2026.03.09	17:30:00	5099.54	5102.51	5092.92	5094.88	4554	0	34
2026.03.09	17:45:00	5094.87	5103.40	5094.17	5099.59	4226	0	34
2026.03.09	18:00:00	5099.41	5109.32	5096.92	5103.47	4234	0	34
2026.03.09	18:15:00	5103.38	5105.35	5094.66	5103.87	4459	0	34
2026.03.09	18:30:00	5104.09	5110.68	5102.76	5107.27	4260	0	34
2026.03.09	18:45:00	5107.39	5108.74	5103.10	5104.68	3733	0	34
2026.03.09	19:00:00	5104.55	5106.86	5098.36	5099.91	3598	0	34
2026.03.09	19:15:00	5099.93	5102.33	5091.10	5095.04	4308	0	34
2026.03.09	19:30:00	5095.13	5097.90	5088.91	5090.66	4152	0	34
2026.03.09	19:45:00	5090.64	5099.38	5090.58	5095.78	3435	0	34
2026.03.09	20:00:00	5095.89	5097.94	5092.36	5097.47	3172	0	34
2026.03.09	20:15:00	5097.48	5106.95	5096.60	5104.99	3009	0	34
2026.03.09	20:30:00	5104.95	5120.05	5104.21	5117.91	3376	0	34
2026.03.09	20:45:00	5117.94	5126.24	5115.26	5123.16	3492	0	34
2026.03.09	21:00:00	5123.19	5130.46	5118.49	5122.73	3307	0	34
2026.03.09	21:15:00	5122.72	5143.17	5118.41	5139.81	5256	0	34
2026.03.09	21:30:00	5139.84	5139.90	5125.06	5135.39	6059	0	34
2026.03.09	21:45:00	5135.40	5143.90	5129.13	5140.99	5250	0	34
2026.03.09	22:00:00	5140.95	5147.85	5137.83	5139.60	2811	0	34
2026.03.09	22:15:00	5139.62	5140.28	5134.26	5139.28	1974	0	41
2026.03.09	22:30:00	5139.24	5139.68	5135.01	5139.31	1670	0	41
2026.03.09	22:45:00	5139.28	5140.55	5134.12	5138.45	1946	0	45
2026.03.10	01:00:00	5153.10	5154.58	5138.37	5146.16	3033	0	34
2026.03.10	01:15:00	5146.13	5155.92	5142.51	5144.71	2603	0	34
2026.03.10	01:30:00	5144.72	5149.28	5135.99	5137.17	2182	0	34
2026.03.10	01:45:00	5137.18	5143.12	5136.91	5139.58	2138	0	34
2026.03.10	02:00:00	5139.50	5141.21	5130.79	5136.83	3025	0	34
2026.03.10	02:15:00	5136.80	5137.76	5129.06	5130.50	2807	0	34
2026.03.10	02:30:00	5130.51	5136.86	5124.94	5136.44	3213	0	34
2026.03.10	02:45:00	5136.45	5138.92	5127.95	5130.96	3062	0	34
2026.03.10	03:00:00	5130.11	5153.27	5124.59	5143.29	5550	0	37
2026.03.10	03:15:00	5143.30	5167.71	5141.94	5157.73	5341	0	34
2026.03.10	03:30:00	5157.82	5168.66	5152.92	5166.13	4796	0	34
2026.03.10	03:45:00	5166.13	5186.07	5164.34	5184.12	4500	0	34
2026.03.10	04:00:00	5184.19	5186.79	5170.64	5175.24	4632	0	34
2026.03.10	04:15:00	5175.47	5180.77	5172.42	5179.72	2570	0	34
2026.03.10	04:30:00	5179.60	5184.49	5175.69	5182.07	3756	0	34
2026.03.10	04:45:00	5182.08	5185.61	5163.73	5165.68	4215	0	34
2026.03.10	05:00:00	5165.85	5173.08	5165.02	5166.15	3706	0	34
2026.03.10	05:15:00	5166.14	5170.36	5161.65	5166.51	3493	0	34
2026.03.10	05:30:00	5166.48	5167.62	5160.10	5162.44	2664	0	34
2026.03.10	05:45:00	5162.48	5162.82	5155.59	5157.60	2663	0	34
2026.03.10	06:00:00	5157.52	5165.12	5154.42	5164.27	2652	0	34
2026.03.10	06:15:00	5164.26	5166.53	5161.34	5162.42	1655	0	34
2026.03.10	06:30:00	5162.44	5165.49	5161.36	5161.87	1319	0	34
2026.03.10	06:45:00	5161.86	5165.29	5161.42	5163.73	1351	0	34
2026.03.10	07:00:00	5163.74	5173.29	5163.71	5172.92	2412	0	35
2026.03.10	07:15:00	5172.93	5174.16	5168.99	5171.65	1699	0	34
2026.03.10	07:30:00	5171.52	5174.23	5167.29	5168.64	2876	0	36
2026.03.10	07:45:00	5168.59	5179.19	5166.80	5177.88	2509	0	34
2026.03.10	08:00:00	5177.89	5180.78	5174.03	5179.49	2641	0	34
2026.03.10	08:15:00	5179.43	5179.43	5171.92	5176.17	2571	0	34
2026.03.10	08:30:00	5176.18	5178.89	5173.52	5175.75	2815	0	34
2026.03.10	08:45:00	5175.65	5177.29	5173.28	5175.11	2412	0	34
2026.03.10	09:00:00	5175.09	5178.75	5170.74	5174.62	3059	0	34
2026.03.10	09:15:00	5174.63	5177.50	5158.56	5169.35	3416	0	34
2026.03.10	09:30:00	5169.45	5178.14	5165.57	5176.15	2821	0	34
2026.03.10	09:45:00	5176.14	5181.41	5174.98	5180.87	2556	0	34
2026.03.10	10:00:00	5180.97	5185.23	5174.95	5179.77	3728	0	34
2026.03.10	10:15:00	5179.74	5184.12	5175.40	5184.06	2835	0	34
2026.03.10	10:30:00	5184.03	5193.95	5183.04	5189.83	3434	0	34
2026.03.10	10:45:00	5189.89	5195.07	5182.80	5183.47	2944	0	34
2026.03.10	11:00:00	5183.45	5189.29	5180.62	5187.81	2528	0	34
2026.03.10	11:15:00	5187.82	5189.21	5180.81	5186.62	2634	0	34
2026.03.10	11:30:00	5186.81	5188.14	5181.79	5187.55	2513	0	34
2026.03.10	11:45:00	5187.57	5189.09	5182.54	5182.56	2235	0	34
2026.03.10	12:00:00	5182.54	5183.98	5176.02	5181.33	2973	0	34
2026.03.10	12:15:00	5181.37	5182.05	5172.96	5173.75	3231	0	34
2026.03.10	12:30:00	5173.90	5176.52	5156.50	5168.90	4138	0	34
2026.03.10	12:45:00	5168.93	5178.12	5168.87	5177.15	3178	0	34
2026.03.10	13:00:00	5177.37	5191.86	5176.54	5187.23	4182	0	34
2026.03.10	13:15:00	5187.21	5189.79	5179.78	5182.97	3806	0	34
2026.03.10	13:30:00	5183.39	5185.00	5173.70	5174.17	3265	0	34
2026.03.10	13:45:00	5174.18	5179.50	5171.82	5175.08	3077	0	34
2026.03.10	14:00:00	5175.20	5176.58	5162.42	5171.19	4106	0	34
2026.03.10	14:15:00	5171.03	5180.68	5165.60	5179.69	3689	0	34
2026.03.10	14:30:00	5179.73	5185.56	5178.49	5185.38	3418	0	34
2026.03.10	14:45:00	5185.45	5189.40	5180.35	5186.94	3383	0	34
2026.03.10	15:00:00	5186.93	5202.51	5186.19	5200.61	5375	0	34
2026.03.10	15:15:00	5200.70	5228.77	5199.11	5221.57	5537	0	34
2026.03.10	15:30:00	5221.61	5222.24	5207.30	5209.38	6472	0	34
2026.03.10	15:45:00	5209.33	5215.45	5196.13	5205.62	6013	0	34
2026.03.10	16:00:00	5205.61	5208.49	5185.35	5195.22	6197	0	34
2026.03.10	16:15:00	5195.20	5214.31	5194.43	5208.97	5558	0	34
2026.03.10	16:30:00	5208.76	5213.35	5202.79	5206.02	5167	0	34
2026.03.10	16:45:00	5206.01	5212.04	5204.69	5206.76	4145	0	34
2026.03.10	17:00:00	5206.77	5226.37	5203.21	5223.34	4559	0	34
2026.03.10	17:15:00	5223.42	5228.56	5221.68	5225.72	4363	0	34
2026.03.10	17:30:00	5225.77	5236.48	5225.35	5235.74	4584	0	34
2026.03.10	17:45:00	5235.75	5238.50	5226.99	5228.60	4048	0	34
2026.03.10	18:00:00	5229.14	5230.41	5222.74	5223.57	3915	0	34
2026.03.10	18:15:00	5223.53	5235.47	5222.68	5232.10	3385	0	34
2026.03.10	18:30:00	5232.33	5234.49	5227.32	5228.54	3302	0	34
2026.03.10	18:45:00	5228.35	5231.97	5225.95	5227.58	3084	0	34
2026.03.10	19:00:00	5227.60	5235.32	5227.03	5234.11	3308	0	34
2026.03.10	19:15:00	5234.15	5234.37	5223.60	5233.09	4654	0	34
2026.03.10	19:30:00	5233.14	5234.63	5227.48	5228.01	4265	0	34
2026.03.10	19:45:00	5228.00	5232.74	5226.41	5227.57	3027	0	34
2026.03.10	20:00:00	5227.59	5227.98	5215.32	5215.86	3931	0	34
2026.03.10	20:15:00	5215.84	5218.51	5160.92	5202.89	7440	0	34
2026.03.10	20:30:00	5202.90	5207.96	5189.85	5195.47	6233	0	34
2026.03.10	20:45:00	5195.25	5204.88	5190.91	5191.66	5032	0	34
2026.03.10	21:00:00	5191.57	5199.59	5184.23	5198.07	4748	0	34
2026.03.10	21:15:00	5198.14	5207.52	5198.06	5200.80	4132	0	34
2026.03.10	21:30:00	5200.77	5200.77	5179.90	5187.42	5443	0	34
2026.03.10	21:45:00	5187.69	5199.59	5187.53	5198.63	5079	0	34
2026.03.10	22:00:00	5198.64	5198.86	5193.30	5197.66	2070	0	34
2026.03.10	22:15:00	5197.69	5198.49	5191.74	5194.82	1813	0	43
2026.03.10	22:30:00	5194.79	5197.86	5193.07	5197.81	1126	0	42
2026.03.10	22:45:00	5197.79	5198.83	5191.54	5191.64	1636	0	45
2026.03.11	01:00:00	5189.12	5196.58	5188.42	5191.65	1417	0	34
2026.03.11	01:15:00	5191.64	5197.31	5187.65	5193.57	1259	0	34
2026.03.11	01:30:00	5193.61	5195.87	5190.39	5191.10	920	0	34
2026.03.11	01:45:00	5191.13	5197.21	5187.94	5197.15	1367	0	34
2026.03.11	02:00:00	5197.16	5198.20	5186.75	5192.64	2500	0	35
2026.03.11	02:15:00	5192.50	5215.48	5191.37	5212.30	3058	0	36
2026.03.11	02:30:00	5212.25	5212.35	5205.82	5211.26	1827	0	34
2026.03.11	02:45:00	5211.27	5219.32	5211.18	5215.47	2591	0	34
2026.03.11	03:00:00	5215.35	5223.23	5212.08	5214.96	4039	0	37
2026.03.11	03:15:00	5215.39	5222.97	5210.59	5214.76	3637	0	35
2026.03.11	03:30:00	5214.69	5219.80	5212.69	5214.40	3251	0	34
2026.03.11	03:45:00	5214.39	5217.76	5208.42	5208.42	2940	0	35
2026.03.11	04:00:00	5208.45	5209.53	5194.23	5201.42	3870	0	35
2026.03.11	04:15:00	5201.33	5206.61	5200.39	5204.18	2208	0	34
2026.03.11	04:30:00	5204.16	5209.84	5201.89	5207.59	2612	0	34
2026.03.11	04:45:00	5207.58	5220.37	5207.58	5217.28	2828	0	34
2026.03.11	05:00:00	5217.24	5220.34	5211.80	5213.79	2378	0	34
2026.03.11	05:15:00	5213.74	5214.65	5204.52	5204.63	2384	0	34
2026.03.11	05:30:00	5204.65	5209.55	5203.71	5207.89	1571	0	34
2026.03.11	05:45:00	5207.85	5208.48	5199.32	5203.26	1866	0	35
2026.03.11	06:00:00	5203.37	5206.30	5199.40	5205.77	1435	0	34
2026.03.11	06:15:00	5205.73	5208.46	5204.45	5207.28	1320	0	34
2026.03.11	06:30:00	5207.30	5208.36	5203.97	5206.61	916	0	35
2026.03.11	06:45:00	5206.45	5206.45	5201.85	5204.43	1249	0	34
2026.03.11	07:00:00	5204.42	5208.16	5203.47	5204.29	1599	0	34
2026.03.11	07:15:00	5204.37	5206.12	5200.30	5200.42	1484	0	34
2026.03.11	07:30:00	5200.53	5204.45	5190.82	5200.51	3421	0	36
2026.03.11	07:45:00	5200.68	5201.70	5195.49	5199.42	2617	0	35
2026.03.11	08:00:00	5199.60	5210.31	5196.28	5209.31	2716	0	34
2026.03.11	08:15:00	5209.30	5210.58	5203.05	5206.48	2567	0	34
2026.03.11	08:30:00	5206.51	5206.58	5191.60	5194.81	2559	0	34
2026.03.11	08:45:00	5194.80	5199.12	5192.29	5197.47	2859	0	34
2026.03.11	09:00:00	5197.45	5202.00	5195.36	5198.82	2654	0	34
2026.03.11	09:15:00	5198.83	5199.86	5195.47	5197.85	2405	0	34
2026.03.11	09:30:00	5197.98	5198.32	5184.54	5191.46	3780	0	34
2026.03.11	09:45:00	5191.43	5197.77	5189.92	5195.64	2902	0	34
2026.03.11	10:00:00	5195.70	5198.57	5188.00	5198.33	2950	0	34
2026.03.11	10:15:00	5198.42	5198.42	5181.00	5184.84	3024	0	34
2026.03.11	10:30:00	5184.77	5187.46	5175.43	5181.54	3210	0	34
2026.03.11	10:45:00	5181.47	5188.58	5179.36	5187.49	2852	0	34
2026.03.11	11:00:00	5187.53	5188.19	5179.66	5184.06	3063	0	34
2026.03.11	11:15:00	5184.05	5190.47	5183.56	5187.51	2225	0	34
2026.03.11	11:30:00	5187.52	5197.09	5187.05	5191.65	2634	0	34
2026.03.11	11:45:00	5191.64	5194.43	5186.60	5187.69	2507	0	34
2026.03.11	12:00:00	5187.70	5195.24	5186.41	5193.40	2385	0	34
2026.03.11	12:15:00	5193.45	5195.10	5189.33	5191.80	2044	0	34
2026.03.11	12:30:00	5191.81	5191.92	5177.19	5178.79	2764	0	34
2026.03.11	12:45:00	5179.13	5190.96	5177.55	5186.01	2368	0	34
2026.03.11	13:00:00	5186.02	5193.59	5184.34	5187.49	2242	0	34
2026.03.11	13:15:00	5187.48	5189.89	5179.61	5181.05	2310	0	34
2026.03.11	13:30:00	5181.07	5190.60	5179.85	5184.76	2620	0	34
2026.03.11	13:45:00	5184.85	5188.29	5175.56	5181.14	3314	0	34
2026.03.11	14:00:00	5181.10	5193.28	5177.57	5191.27	3333	0	34
2026.03.11	14:15:00	5191.38	5195.14	5187.94	5191.11	3095	0	34
2026.03.11	14:30:00	5190.85	5196.58	5173.07	5180.32	5252	0	34
2026.03.11	14:45:00	5180.31	5180.67	5166.64	5167.50	4586	0	34
2026.03.11	15:00:00	5167.52	5181.91	5162.32	5177.73	5503	0	34
2026.03.11	15:15:00	5177.76	5183.11	5176.17	5181.44	3860	0	34
2026.03.11	15:30:00	5181.61	5181.61	5165.26	5165.40	5729	0	34
2026.03.11	15:45:00	5165.27	5177.01	5149.27	5176.80	5736	0	34
2026.03.11	16:00:00	5176.76	5190.19	5175.08	5189.94	6292	0	34
2026.03.11	16:15:00	5189.91	5195.27	5182.09	5194.16	5250	0	34
2026.03.11	16:30:00	5194.33	5196.08	5174.49	5183.17	5063	0	34
2026.03.11	16:45:00	5183.13	5193.42	5180.46	5183.13	4512	0	34
2026.03.11	17:00:00	5183.20	5185.66	5170.66	5170.78	5274	0	34
2026.03.11	17:15:00	5170.79	5179.43	5168.47	5172.57	4554	0	34
2026.03.11	17:30:00	5172.58	5174.13	5166.52	5169.35	4647	0	34
2026.03.11	17:45:00	5169.37	5175.16	5164.10	5166.27	3930	0	34
2026.03.11	18:00:00	5166.04	5172.40	5163.62	5172.19	4567	0	34
2026.03.11	18:15:00	5172.12	5172.45	5164.09	5166.64	3983	0	34
2026.03.11	18:30:00	5166.34	5176.46	5165.81	5174.18	3675	0	34
2026.03.11	18:45:00	5174.31	5177.90	5170.31	5175.58	2887	0	34
2026.03.11	19:00:00	5175.59	5180.90	5174.62	5175.79	2869	0	34
2026.03.11	19:15:00	5175.84	5178.11	5169.63	5171.91	3635	0	34
2026.03.11	19:30:00	5172.07	5172.48	5154.57	5163.15	4533	0	34
2026.03.11	19:45:00	5163.14	5169.91	5161.26	5169.72	3466	0	34
2026.03.11	20:00:00	5169.46	5175.15	5169.17	5172.00	2722	0	34
2026.03.11	20:15:00	5171.97	5178.18	5171.87	5177.54	2781	0	34
2026.03.11	20:30:00	5177.41	5178.00	5176.18	5176.90	1672	0	34
2026.03.11	20:45:00	5177.26	5177.71	5170.26	5172.48	2303	0	34
2026.03.11	21:00:00	5172.52	5174.37	5169.30	5172.39	2108	0	34
2026.03.11	21:15:00	5172.31	5177.78	5171.76	5177.18	1754	0	34
2026.03.11	21:30:00	5177.26	5179.97	5176.19	5179.61	1927	0	34
2026.03.11	21:45:00	5179.69	5183.50	5176.83	5183.21	2625	0	34
2026.03.11	22:00:00	5183.22	5183.51	5176.74	5177.94	1273	0	34
2026.03.11	22:15:00	5177.93	5179.15	5175.15	5177.78	923	0	41
2026.03.11	22:30:00	5177.74	5178.03	5175.96	5176.35	722	0	41
2026.03.11	22:45:00	5176.20	5178.31	5175.50	5176.23	836	0	45
2026.03.12	01:00:00	5138.61	5153.77	5135.03	5152.02	3048	0	36
2026.03.12	01:15:00	5151.99	5157.01	5150.27	5156.06	1748	0	35
2026.03.12	01:30:00	5155.95	5157.99	5145.99	5146.74	2413	0	35
2026.03.12	01:45:00	5146.51	5147.16	5133.28	5134.49	2555	0	34
2026.03.12	02:00:00	5134.47	5142.17	5125.51	5138.72	3883	0	35
2026.03.12	02:15:00	5138.77	5157.94	5138.77	5152.65	2692	0	34
2026.03.12	02:30:00	5152.63	5161.52	5151.36	5154.23	2316	0	35
2026.03.12	02:45:00	5153.96	5155.98	5149.93	5152.89	2220	0	34
2026.03.12	03:00:00	5152.97	5166.64	5151.95	5157.15	4412	0	37
2026.03.12	03:15:00	5157.16	5160.90	5151.51	5157.22	3673	0	34
2026.03.12	03:30:00	5157.23	5170.29	5154.78	5169.79	3294	0	34
2026.03.12	03:45:00	5169.82	5172.78	5164.28	5168.59	2760	0	34
2026.03.12	04:00:00	5168.37	5174.52	5167.07	5174.02	2463	0	34
2026.03.12	04:15:00	5173.96	5174.99	5167.21	5167.97	2223	0	34
2026.03.12	04:30:00	5167.96	5171.38	5155.50	5157.46	3810	0	35
2026.03.12	04:45:00	5157.60	5158.16	5145.65	5150.63	4047	0	34
2026.03.12	05:00:00	5150.62	5155.47	5148.48	5153.82	2713	0	34
2026.03.12	05:15:00	5153.96	5155.03	5147.29	5151.75	2614	0	35
2026.03.12	05:30:00	5151.69	5153.51	5147.85	5152.35	1693	0	34
2026.03.12	05:45:00	5152.66	5154.36	5151.16	5153.09	1085	0	34
2026.03.12	06:00:00	5153.24	5153.24	5149.91	5152.10	859	0	36
2026.03.12	06:15:00	5152.11	5153.85	5150.11	5152.41	959	0	36
2026.03.12	06:30:00	5152.39	5152.39	5143.72	5143.85	1617	0	34
2026.03.12	06:45:00	5143.92	5146.57	5140.48	5142.55	1407	0	34
2026.03.12	07:00:00	5142.54	5149.01	5141.60	5146.23	1754	0	34
2026.03.12	07:15:00	5146.22	5148.72	5137.12	5142.83	1713	0	34
2026.03.12	07:30:00	5142.80	5154.48	5141.23	5153.40	2738	0	34
2026.03.12	07:45:00	5153.52	5157.60	5151.53	5154.35	2200	0	34
2026.03.12	08:00:00	5154.37	5157.76	5151.67	5154.29	2328	0	34
2026.03.12	08:15:00	5154.28	5157.59	5147.24	5156.98	2184	0	34
2026.03.12	08:30:00	5156.45	5169.94	5156.01	5168.49	2809	0	34
2026.03.12	08:45:00	5168.56	5170.20	5165.29	5166.67	2240	0	34
2026.03.12	09:00:00	5166.68	5170.28	5164.47	5170.07	1788	0	34
2026.03.12	09:15:00	5170.06	5170.44	5165.92	5168.95	1814	0	34
2026.03.12	09:30:00	5168.97	5179.60	5168.04	5178.75	2179	0	34
2026.03.12	09:45:00	5178.77	5185.08	5176.01	5182.11	2387	0	34
2026.03.12	10:00:00	5182.13	5189.67	5180.80	5181.69	3224	0	34
2026.03.12	10:15:00	5181.63	5184.60	5177.16	5177.43	2373	0	34
2026.03.12	10:30:00	5177.45	5181.65	5177.45	5181.11	1936	0	34
2026.03.12	10:45:00	5181.13	5182.81	5175.81	5178.08	2155	0	34
2026.03.12	11:00:00	5178.15	5181.23	5175.60	5176.41	2063	0	34
2026.03.12	11:15:00	5176.40	5181.31	5174.41	5180.13	2045	0	34
2026.03.12	11:30:00	5180.12	5187.39	5180.12	5184.71	2532	0	34
2026.03.12	11:45:00	5184.76	5190.34	5182.72	5188.32	2124	0	34
2026.03.12	12:00:00	5188.33	5191.62	5186.68	5187.04	2231	0	34
2026.03.12	12:15:00	5187.10	5187.32	5179.91	5180.26	1858	0	34
2026.03.12	12:30:00	5180.20	5182.94	5176.29	5181.90	2288	0	34
2026.03.12	12:45:00	5181.89	5183.94	5178.62	5182.29	1888	0	34
2026.03.12	13:00:00	5182.24	5183.87	5178.70	5178.82	1515	0	34
2026.03.12	13:15:00	5178.75	5179.48	5172.72	5176.32	2169	0	34
2026.03.12	13:30:00	5176.36	5180.14	5175.31	5178.81	3359	0	34
2026.03.12	13:45:00	5178.85	5181.53	5176.50	5178.94	3578	0	34
2026.03.12	14:00:00	5179.53	5180.64	5167.49	5168.74	4944	0	34
2026.03.12	14:15:00	5168.71	5172.65	5163.53	5172.02	4627	0	34
2026.03.12	14:30:00	5171.97	5176.34	5168.45	5173.76	4514	0	34
2026.03.12	14:45:00	5173.77	5185.50	5173.72	5181.46	4505	0	34
2026.03.12	15:00:00	5181.37	5186.19	5178.76	5183.96	5301	0	34
2026.03.12	15:15:00	5183.68	5184.42	5159.38	5171.32	6398	0	34
2026.03.12	15:30:00	5171.15	5171.15	5155.60	5159.14	7065	0	34
2026.03.12	15:45:00	5158.57	5159.73	5146.31	5151.18	6649	0	34
2026.03.12	16:00:00	5151.13	5163.28	5150.07	5161.00	6284	0	34
2026.03.12	16:15:00	5161.19	5162.67	5149.77	5152.10	6095	0	34
2026.03.12	16:30:00	5152.36	5153.99	5139.46	5148.56	6268	0	34
2026.03.12	16:45:00	5148.58	5153.26	5137.92	5142.60	6691	0	34
2026.03.12	17:00:00	5142.59	5144.87	5109.16	5124.90	6567	0	34
2026.03.12	17:15:00	5124.83	5132.49	5117.44	5129.30	5652	0	34
2026.03.12	17:30:00	5129.31	5134.42	5118.29	5130.97	5649	0	34
2026.03.12	17:45:00	5131.17	5135.34	5125.51	5132.35	5685	0	34
2026.03.12	18:00:00	5132.07	5134.93	5121.18	5128.47	5580	0	34
2026.03.12	18:15:00	5128.44	5138.00	5127.58	5131.44	4977	0	34
2026.03.12	18:30:00	5131.45	5137.43	5124.93	5134.95	4881	0	34
2026.03.12	18:45:00	5135.03	5135.44	5121.60	5123.51	4459	0	34
2026.03.12	19:00:00	5123.30	5129.63	5120.67	5121.54	4262	0	34
2026.03.12	19:15:00	5121.53	5122.95	5113.29	5118.85	4681	0	34
2026.03.12	19:30:00	5119.04	5119.94	5104.97	5110.55	4980	0	34
2026.03.12	19:45:00	5110.54	5112.22	5102.47	5105.29	4524	0	34
2026.03.12	20:00:00	5105.13	5112.51	5104.84	5107.15	4382	0	34
2026.03.12	20:15:00	5107.13	5110.33	5101.01	5104.72	4527	0	34
2026.03.12	20:30:00	5104.74	5104.83	5098.47	5098.66	4009	0	34
2026.03.12	20:45:00	5098.60	5099.43	5090.51	5094.54	4168	0	34
2026.03.12	21:00:00	5094.51	5095.07	5079.07	5084.84	4765	0	34
2026.03.12	21:15:00	5084.87	5095.25	5081.13	5093.60	4400	0	34
2026.03.12	21:30:00	5093.61	5096.81	5090.45	5091.99	3436	0	34
2026.03.12	21:45:00	5092.03	5096.15	5081.35	5084.75	3931	0	34
2026.03.12	22:00:00	5084.84	5090.39	5083.61	5085.10	2431	0	34
2026.03.12	22:15:00	5085.16	5088.72	5071.14	5071.51	3321	0	40
2026.03.12	22:30:00	5071.54	5072.85	5054.65	5072.41	3683	0	40
2026.03.12	22:45:00	5072.42	5082.45	5072.08	5079.60	2751	0	40
2026.03.13	01:00:00	5095.83	5096.37	5089.08	5090.63	2720	0	34
2026.03.13	01:15:00	5090.71	5099.46	5090.53	5094.20	2686	0	34
2026.03.13	01:30:00	5094.19	5098.50	5091.99	5094.79	2685	0	34
2026.03.13	01:45:00	5094.78	5101.26	5094.59	5098.12	2215	0	34
2026.03.13	02:00:00	5098.08	5108.36	5097.34	5106.04	3017	0	34
2026.03.13	02:15:00	5105.97	5108.37	5104.27	5106.26	2312	0	34
2026.03.13	02:30:00	5106.25	5110.45	5105.98	5107.82	2477	0	34
2026.03.13	02:45:00	5107.67	5115.25	5107.25	5113.69	2471	0	34
2026.03.13	03:00:00	5113.65	5120.78	5113.50	5119.52	4088	0	34
2026.03.13	03:15:00	5119.51	5120.79	5114.10	5119.05	3611	0	34
2026.03.13	03:30:00	5119.07	5121.53	5111.97	5112.40	3536	0	34
2026.03.13	03:45:00	5112.42	5124.58	5108.59	5124.48	4499	0	34
2026.03.13	04:00:00	5124.85	5128.57	5122.62	5123.15	3680	0	34
2026.03.13	04:15:00	5123.17	5123.19	5114.55	5121.45	3008	0	34
2026.03.13	04:30:00	5121.35	5121.76	5115.61	5117.90	2934	0	34
2026.03.13	04:45:00	5117.91	5118.55	5110.28	5111.93	3123	0	34
2026.03.13	05:00:00	5111.89	5115.77	5109.08	5110.68	3490	0	34
2026.03.13	05:15:00	5110.72	5113.79	5108.28	5110.33	3046	0	34
2026.03.13	05:30:00	5110.29	5112.18	5106.30	5110.60	2166	0	34
2026.03.13	05:45:00	5110.79	5116.53	5110.30	5115.50	2000	0	34
2026.03.13	06:00:00	5115.37	5118.00	5112.45	5114.39	2133	0	34
2026.03.13	06:15:00	5114.42	5114.49	5103.87	5105.50	2457	0	34
2026.03.13	06:30:00	5105.51	5107.17	5102.57	5104.43	2562	0	34
2026.03.13	06:45:00	5104.42	5106.64	5102.99	5104.24	2176	0	34
2026.03.13	07:00:00	5104.50	5109.19	5102.42	5108.98	2369	0	34
2026.03.13	07:15:00	5109.00	5110.15	5104.78	5105.92	2266	0	34
2026.03.13	07:30:00	5105.90	5110.94	5099.63	5100.51	4001	0	34
2026.03.13	07:45:00	5100.47	5105.63	5098.20	5103.05	4092	0	34
2026.03.13	08:00:00	5103.23	5107.78	5101.64	5103.85	3803	0	34
2026.03.13	08:15:00	5103.77	5104.10	5088.89	5095.81	4489	0	34
2026.03.13	08:30:00	5095.75	5098.15	5087.65	5091.59	4604	0	34
2026.03.13	08:45:00	5091.60	5094.61	5085.68	5088.05	4685	0	34
2026.03.13	09:00:00	5087.78	5094.29	5083.75	5090.22	4391	0	34
2026.03.13	09:15:00	5090.25	5090.38	5071.61	5084.73	4698	0	34
2026.03.13	09:30:00	5084.74	5093.02	5083.95	5089.24	3607	0	34
2026.03.13	09:45:00	5089.28	5092.65	5082.25	5085.19	3605	0	34
2026.03.13	10:00:00	5084.68	5084.84	5066.45	5078.02	5038	0	36
2026.03.13	10:15:00	5077.99	5079.10	5060.70	5070.70	4552	0	36
2026.03.13	10:30:00	5070.63	5084.28	5070.29	5076.13	4292	0	36
2026.03.13	10:45:00	5075.94	5087.92	5075.94	5086.97	4053	0	36
2026.03.13	11:00:00	5086.99	5096.93	5085.57	5092.27	4190	0	36
2026.03.13	11:15:00	5092.28	5093.13	5083.86	5091.56	3845	0	36
2026.03.13	11:30:00	5091.55	5092.83	5083.43	5085.32	3559	0	36
2026.03.13	11:45:00	5085.37	5094.10	5084.84	5089.58	3301	0	36
2026.03.13	12:00:00	5089.55	5093.29	5085.87	5093.29	3497	0	36
2026.03.13	12:15:00	5093.28	5096.82	5088.88	5089.24	3066	0	36
2026.03.13	12:30:00	5089.17	5089.38	5080.34	5087.46	3363	0	36
2026.03.13	12:45:00	5087.51	5098.32	5084.49	5094.80	3702	0	36
2026.03.13	13:00:00	5094.78	5097.52	5086.22	5090.40	4192	0	36
2026.03.13	13:15:00	5090.34	5097.25	5088.89	5095.34	3393	0	36
2026.03.13	13:30:00	5095.01	5096.46	5091.88	5094.69	3045	0	36
2026.03.13	13:45:00	5094.95	5107.73	5092.19	5107.57	3899	0	36
2026.03.13	14:00:00	5107.58	5118.71	5107.13	5108.43	5065	0	36
2026.03.13	14:15:00	5108.41	5115.67	5104.42	5113.75	4246	0	36
2026.03.13	14:30:00	5113.76	5116.52	5107.78	5112.30	4825	0	36
2026.03.13	14:45:00	5112.33	5121.84	5111.21	5118.18	4887	0	36
2026.03.13	15:00:00	5118.20	5121.45	5110.11	5112.59	5518	0	36
2026.03.13	15:15:00	5112.65	5115.40	5107.22	5108.68	4521	0	36
2026.03.13	15:30:00	5108.54	5112.44	5096.29	5112.12	6328	0	36
2026.03.13	15:45:00	5112.17	5117.07	5099.12	5101.27	5516	0	36
2026.03.13	16:00:00	5101.32	5108.01	5090.62	5090.62	5852	0	36
2026.03.13	16:15:00	5090.53	5094.34	5082.78	5088.91	6458	0	36
2026.03.13	16:30:00	5088.92	5091.89	5074.40	5079.24	6364	0	36
2026.03.13	16:45:00	5079.27	5079.27	5035.79	5041.11	6940	0	36
2026.03.13	17:00:00	5041.21	5071.54	5038.08	5069.30	6597	0	36
2026.03.13	17:15:00	5069.31	5071.21	5056.73	5063.16	6060	0	36
2026.03.13	17:30:00	5062.80	5068.28	5041.72	5046.72	6330	0	36
2026.03.13	17:45:00	5046.63	5057.25	5031.92	5034.73	6943	0	36
2026.03.13	18:00:00	5034.03	5040.89	5018.66	5031.99	6873	0	36
2026.03.13	18:15:00	5032.04	5041.60	5030.50	5040.93	6023	0	36
2026.03.13	18:30:00	5040.92	5052.94	5040.03	5044.49	5530	0	36
2026.03.13	18:45:00	5044.38	5051.78	5041.52	5045.92	5190	0	36
2026.03.13	19:00:00	5045.88	5057.12	5043.32	5057.12	4779	0	36
2026.03.13	19:15:00	5057.50	5062.00	5052.14	5056.40	5159	0	36
2026.03.13	19:30:00	5056.39	5064.01	5050.97	5053.46	4903	0	36
2026.03.13	19:45:00	5053.44	5055.36	5043.57	5046.12	4894	0	36
2026.03.13	20:00:00	5046.10	5051.67	5040.45	5042.31	4502	0	36
2026.03.13	20:15:00	5042.30	5046.00	5036.04	5041.75	5297	0	36
2026.03.13	20:30:00	5041.65	5049.54	5040.38	5044.14	4218	0	36
2026.03.13	20:45:00	5044.11	5046.63	5041.13	5046.44	3532	0	36
2026.03.13	21:00:00	5047.45	5049.89	5033.71	5039.90	4109	0	36
2026.03.13	21:15:00	5039.93	5040.29	5031.97	5034.92	4362	0	36
2026.03.13	21:30:00	5034.91	5037.09	5022.96	5025.36	4503	0	36
2026.03.13	21:45:00	5025.38	5025.85	5009.57	5016.50	5369	0	36
2026.03.13	22:00:00	5016.75	5021.14	5012.06	5016.57	3002	0	36
2026.03.13	22:15:00	5016.50	5021.26	5012.24	5013.76	2359	0	42
2026.03.13	22:30:00	5013.77	5025.20	5012.87	5024.66	2255	0	40
2026.03.13	22:45:00	5024.67	5024.67	5016.82	5019.00	2515	0	40
2026.03.16	01:00:00	5024.51	5026.26	5002.14	5007.19	4692	0	36
2026.03.16	01:15:00	5007.18	5007.96	4967.75	4989.58	5442	0	36
2026.03.16	01:30:00	4989.60	4992.38	4979.05	4983.81	5480	0	36
2026.03.16	01:45:00	4983.80	4998.69	4971.87	4997.45	5435	0	36
2026.03.16	02:00:00	4997.44	5028.64	4996.67	5022.60	5755	0	36
2026.03.16	02:15:00	5022.59	5023.72	5015.12	5016.79	3916	0	36
2026.03.16	02:30:00	5016.78	5031.03	5014.85	5027.72	4229	0	36
2026.03.16	02:45:00	5027.73	5030.19	5017.35	5025.69	4211	0	36
2026.03.16	03:00:00	5025.70	5026.50	4987.05	4987.05	6634	0	36
2026.03.16	03:15:00	4987.07	5005.51	4983.58	4988.17	6461	0	36
2026.03.16	03:30:00	4988.20	5004.30	4982.87	5004.10	6164	0	36
2026.03.16	03:45:00	5003.96	5016.48	5002.57	5015.83	5040	0	36
2026.03.16	04:00:00	5015.86	5018.65	5010.55	5015.12	4942	0	36
2026.03.16	04:15:00	5015.15	5018.59	5010.44	5012.83	3739	0	36
2026.03.16	04:30:00	5012.85	5014.53	5002.37	5006.04	4825	0	36
2026.03.16	04:45:00	5006.03	5008.51	4997.74	5003.56	4743	0	36
2026.03.16	05:00:00	5003.57	5006.66	4998.05	4999.43	4235	0	36
2026.03.16	05:15:00	4999.42	5011.55	4998.37	5011.14	3771	0	36
2026.03.16	05:30:00	5011.13	5018.94	5010.23	5018.85	3216	0	36
2026.03.16	05:45:00	5018.74	5020.78	5015.78	5019.13	2816	0	36
2026.03.16	06:00:00	5019.10	5026.02	5019.03	5024.35	2690	0	36
2026.03.16	06:15:00	5024.34	5026.18	5020.68	5021.43	2239	0	36
2026.03.16	06:30:00	5021.45	5024.73	5014.66	5016.81	2499	0	36
2026.03.16	06:45:00	5016.80	5016.92	5012.27	5012.72	1997	0	36
2026.03.16	07:00:00	5012.69	5015.82	5011.08	5012.60	2837	0	36
2026.03.16	07:15:00	5012.59	5013.16	5007.81	5010.80	2515	0	36
2026.03.16	07:30:00	5009.82	5017.30	5003.09	5016.17	4554	0	36
2026.03.16	07:45:00	5016.08	5019.92	5015.44	5017.30	3726	0	36
2026.03.16	08:00:00	5017.18	5027.82	5012.82	5027.24	4050	0	36
2026.03.16	08:15:00	5027.23	5035.98	5025.46	5027.67	4210	0	36
2026.03.16	08:30:00	5027.66	5029.48	5020.90	5022.17	3785	0	36
2026.03.16	08:45:00	5022.13	5022.98	5005.68	5012.07	4666	0	36
2026.03.16	09:00:00	5012.06	5016.23	5009.56	5009.80	3559	0	36
2026.03.16	09:15:00	5009.73	5009.76	4998.15	5002.33	4267	0	36
2026.03.16	09:30:00	5002.34	5007.18	4991.82	4992.67	4239	0	36
2026.03.16	09:45:00	4992.71	5000.09	4992.71	4995.30	3655	0	36
2026.03.16	10:00:00	4995.51	5000.32	4988.18	4988.53	4812	0	36
2026.03.16	10:15:00	4988.58	5003.32	4987.52	4997.09	4955	0	36
2026.03.16	10:30:00	4997.06	4998.54	4984.91	4987.19	4399	0	36
2026.03.16	10:45:00	4986.96	4997.78	4985.72	4991.02	4055	0	36
2026.03.16	11:00:00	4991.01	4991.30	4979.84	4985.33	4685	0	36
2026.03.16	11:15:00	4985.13	4990.42	4983.76	4988.88	3661	0	36
2026.03.16	11:30:00	4988.96	4991.55	4981.21	4981.56	3939	0	36
2026.03.16	11:45:00	4981.91	4985.40	4972.47	4975.33	4678	0	36
2026.03.16	12:00:00	4975.34	4980.06	4969.84	4976.79	4561	0	36
2026.03.16	12:15:00	4976.76	4990.96	4976.61	4986.70	4260	0	36
2026.03.16	12:30:00	4986.89	4988.18	4980.39	4985.65	3810	0	36
2026.03.16	12:45:00	4985.64	4999.54	4984.01	4998.66	4294	0	36
2026.03.16	13:00:00	4998.68	5006.51	4995.65	5002.17	3759	0	36
2026.03.16	13:15:00	5002.75	5022.55	5002.35	5018.98	4234	0	36
2026.03.16	13:30:00	5019.04	5020.19	5013.63	5015.46	3438	0	36
2026.03.16	13:45:00	5015.51	5018.00	4992.50	4996.73	4571	0	36
2026.03.16	14:00:00	4996.74	5006.38	4994.32	5005.43	4594	0	36
2026.03.16	14:15:00	5005.28	5024.82	5002.84	5022.64	4761	0	36
2026.03.16	14:30:00	5022.73	5025.79	5018.91	5021.75	4287	0	36
2026.03.16	14:45:00	5021.74	5022.17	5012.25	5019.80	4431	0	36
2026.03.16	15:00:00	5019.81	5023.52	5013.74	5022.30	4836	0	36
2026.03.16	15:15:00	5022.32	5030.53	5018.44	5021.33	5020	0	36
2026.03.16	15:30:00	5021.28	5034.43	5018.25	5031.48	6183	0	36
2026.03.16	15:45:00	5031.47	5033.49	5023.12	5029.69	5750	0	36
2026.03.16	16:00:00	5029.67	5038.26	5027.08	5028.01	5704	0	36
2026.03.16	16:15:00	5027.95	5029.78	5014.51	5014.51	5625	0	36
2026.03.16	16:30:00	5014.64	5014.85	5000.22	5000.81	5932	0	36
2026.03.16	16:45:00	5000.91	5002.14	4988.16	4995.89	6168	0	36
2026.03.16	17:00:00	4995.88	5002.28	4990.20	4998.40	5940	0	36
2026.03.16	17:15:00	4998.41	5005.63	4984.20	4991.83	5109	0	36
2026.03.16	17:30:00	4991.91	5003.35	4990.40	4996.80	4616	0	36
2026.03.16	17:45:00	4996.78	4999.04	4983.64	4987.03	5107	0	36
2026.03.16	18:00:00	4987.22	4998.70	4985.58	4996.18	4712	0	36
2026.03.16	18:15:00	4996.11	4998.02	4977.94	4979.70	4757	0	36
2026.03.16	18:30:00	4979.68	4989.71	4973.86	4987.19	5303	0	36
2026.03.16	18:45:00	4987.16	4992.81	4983.10	4990.49	4604	0	36
2026.03.16	19:00:00	4991.18	5003.68	4990.61	5001.85	4649	0	36
2026.03.16	19:15:00	5001.93	5002.82	4994.81	4995.98	4510	0	36
2026.03.16	19:30:00	4995.94	4996.49	4985.71	4987.56	4828	0	36
2026.03.16	19:45:00	4987.57	4992.79	4983.84	4991.23	4110	0	36
2026.03.16	20:00:00	4991.40	5000.88	4989.98	4998.95	4303	0	36
2026.03.16	20:15:00	4998.92	5007.96	4997.12	5006.25	3857	0	36
2026.03.16	20:30:00	5006.33	5015.68	5005.18	5014.46	4098	0	36
2026.03.16	20:45:00	5014.43	5017.93	5011.70	5012.65	3533	0	36
2026.03.16	21:00:00	5012.64	5020.42	5008.72	5011.73	4300	0	36
2026.03.16	21:15:00	5011.72	5015.48	5009.54	5010.54	4350	0	36
2026.03.16	21:30:00	5010.33	5014.58	5007.95	5010.08	3821	0	36
2026.03.16	21:45:00	5010.10	5015.94	5008.39	5012.97	3980	0	36
2026.03.16	22:00:00	5012.83	5021.52	5007.90	5016.73	2413	0	36
2026.03.16	22:15:00	5016.72	5017.53	5013.98	5014.04	1414	0	42
2026.03.16	22:30:00	5014.05	5014.07	5007.37	5008.75	1691	0	40
2026.03.16	22:45:00	5008.78	5010.21	5004.52	5004.67	2063	0	40
2026.03.17	01:00:00	5002.17	5006.20	5001.95	5005.97	1631	0	36
2026.03.17	01:15:00	5005.93	5009.79	5005.21	5009.36	1546	0	36
2026.03.17	01:30:00	5009.33	5014.22	5008.57	5008.58	2505	0	36
2026.03.17	01:45:00	5008.53	5015.50	5006.86	5012.84	2748	0	36
2026.03.17	02:00:00	5012.85	5014.01	5002.06	5006.49	3348	0	36
2026.03.17	02:15:00	5006.48	5010.33	5000.09	5003.37	2783	0	36
2026.03.17	02:30:00	5003.41	5006.93	4998.34	5001.67	2681	0	36
2026.03.17	02:45:00	5001.68	5006.01	4998.13	5002.80	3469	0	36
2026.03.17	03:00:00	5002.55	5012.46	4994.58	5010.02	5050	0	36
2026.03.17	03:15:00	5010.08	5014.54	5007.40	5013.42	3767	0	36
2026.03.17	03:30:00	5013.45	5019.71	5011.24	5017.91	3760	0	36
2026.03.17	03:45:00	5017.78	5028.03	5016.68	5027.81	3854	0	36
2026.03.17	04:00:00	5027.73	5029.48	5020.77	5021.44	3873	0	36
2026.03.17	04:15:00	5021.45	5025.57	5019.89	5025.30	2602	0	36
2026.03.17	04:30:00	5025.28	5029.22	5021.99	5028.92	3300	0	36
2026.03.17	04:45:00	5028.93	5029.40	5021.51	5022.61	3427	0	36
2026.03.17	05:00:00	5022.59	5025.44	5020.59	5022.89	2658	0	36
2026.03.17	05:15:00	5022.87	5032.75	5022.54	5032.41	3065	0	36
2026.03.17	05:30:00	5032.43	5033.42	5027.32	5028.60	3044	0	36
2026.03.17	05:45:00	5028.61	5030.04	5025.90	5027.57	2148	0	36
2026.03.17	06:00:00	5027.59	5030.38	5026.36	5029.12	2082	0	36
2026.03.17	06:15:00	5029.13	5032.67	5026.27	5032.37	2021	0	36
2026.03.17	06:30:00	5032.40	5042.26	5031.93	5039.71	2462	0	36
2026.03.17	06:45:00	5039.97	5042.18	5036.91	5037.81	2973	0	36
2026.03.17	07:00:00	5037.83	5040.73	5032.32	5040.30	2760	0	36
2026.03.17	07:15:00	5040.31	5044.22	5033.08	5035.31	3059	0	36
2026.03.17	07:30:00	5035.29	5039.09	5031.55	5032.01	3700	0	36
2026.03.17	07:45:00	5032.02	5033.10	5020.05	5020.70	4310	0	36
2026.03.17	08:00:00	5020.76	5022.79	5006.65	5012.73	5188	0	36
2026.03.17	08:15:00	5012.64	5014.19	5004.68	5011.76	4185	0	36
2026.03.17	08:30:00	5011.68	5017.01	5010.10	5014.93	3382	0	36
2026.03.17	08:45:00	5014.92	5015.54	5008.33	5009.97	3076	0	36
2026.03.17	09:00:00	5009.85	5016.91	5009.27	5014.27	3234	0	36
2026.03.17	09:15:00	5014.26	5018.68	5008.79	5015.87	2915	0	36
2026.03.17	09:30:00	5015.86	5027.82	5015.86	5023.17	3352	0	36
2026.03.17	09:45:00	5023.14	5025.27	5017.36	5021.13	2754	0	36
2026.03.17	10:00:00	5021.12	5026.33	5019.04	5021.80	3801	0	36
2026.03.17	10:15:00	5021.62	5029.53	5019.06	5021.10	3705	0	36
2026.03.17	10:30:00	5021.21	5025.29	5018.91	5022.13	3301	0	36
2026.03.17	10:45:00	5022.11	5025.47	5018.41	5024.59	3236	0	36
2026.03.17	11:00:00	5024.61	5025.85	5013.34	5013.97	3581	0	36
2026.03.17	11:15:00	5013.93	5019.66	5012.90	5017.63	3701	0	36
2026.03.17	11:30:00	5017.64	5018.20	5011.13	5014.32	3274	0	36
2026.03.17	11:45:00	5014.27	5015.79	5009.66	5010.52	2774	0	36
2026.03.17	12:00:00	5010.48	5016.27	5001.33	5003.91	3893	0	36
2026.03.17	12:15:00	5004.11	5009.13	5001.55	5003.41	3565	0	36
2026.03.17	12:30:00	5003.43	5009.48	4991.73	4999.02	4108	0	36
2026.03.17	12:45:00	4999.03	5004.66	4996.46	5000.17	3366	0	36
2026.03.17	13:00:00	5000.16	5005.99	4996.77	5004.85	3357	0	36
2026.03.17	13:15:00	5005.14	5009.99	5004.94	5006.94	2923	0	36
2026.03.17	13:30:00	5006.99	5010.04	5004.10	5009.33	2961	0	36
2026.03.17	13:45:00	5009.32	5011.51	5001.96	5003.25	3128	0	36
2026.03.17	14:00:00	5002.91	5010.23	4999.33	5008.39	3961	0	36
2026.03.17	14:15:00	5008.42	5020.57	5008.32	5020.04	3992	0	36
2026.03.17	14:30:00	5020.03	5023.80	5015.79	5017.46	4079	0	36
2026.03.17	14:45:00	5017.50	5017.52	5009.76	5011.62	3709	0	36
2026.03.17	15:00:00	5011.58	5017.94	5009.91	5016.64	4650	0	36
2026.03.17	15:15:00	5016.56	5019.50	5010.42	5012.66	4220	0	36
2026.03.17	15:30:00	5013.07	5031.54	5010.97	5027.12	6218	0	36
2026.03.17	15:45:00	5027.10	5027.61	5005.47	5016.52	5992	0	36
2026.03.17	16:00:00	5016.41	5020.54	5009.63	5018.03	5542	0	36
2026.03.17	16:15:00	5018.28	5018.33	5006.65	5008.24	5446	0	36
2026.03.17	16:30:00	5008.04	5014.33	5002.66	5013.40	5316	0	36
2026.03.17	16:45:00	5013.39	5019.44	5007.05	5007.53	4999	0	36
2026.03.17	17:00:00	5007.55	5017.41	5006.20	5008.18	5208	0	36
2026.03.17	17:15:00	5008.35	5014.82	4993.39	4994.70	5609	0	36
2026.03.17	17:30:00	4994.65	5000.42	4973.34	4984.44	6331	0	36
2026.03.17	17:45:00	4984.42	4998.95	4983.65	4997.75	5415	0	36
2026.03.17	18:00:00	4997.77	4999.29	4991.56	4994.32	5200	0	36
2026.03.17	18:15:00	4994.34	5005.60	4992.93	5004.04	4939	0	36
2026.03.17	18:30:00	5003.96	5005.74	4999.65	5002.10	4512	0	36
2026.03.17	18:45:00	5002.43	5003.59	4997.23	5002.06	4403	0	36
2026.03.17	19:00:00	5002.05	5006.51	5001.30	5003.21	4129	0	36
2026.03.17	19:15:00	5003.36	5008.60	5001.18	5002.69	4175	0	36
2026.03.17	19:30:00	5002.66	5006.28	4997.52	4997.65	3536	0	36
2026.03.17	19:45:00	4997.67	5003.55	4996.25	5002.43	3140	0	36
2026.03.17	20:00:00	5002.44	5007.67	5000.75	5006.28	3386	0	36
2026.03.17	20:15:00	5006.27	5008.95	5003.80	5003.80	3175	0	36
2026.03.17	20:30:00	5003.83	5004.57	4999.66	5003.35	2931	0	36
2026.03.17	20:45:00	5003.36	5008.39	5002.79	5003.67	3051	0	36
2026.03.17	21:00:00	5003.70	5005.51	5000.24	5001.63	2833	0	36
2026.03.17	21:15:00	5001.64	5002.47	4997.96	4999.75	2913	0	36
2026.03.17	21:30:00	4999.83	5003.63	4996.36	5001.85	3251	0	36
2026.03.17	21:45:00	5002.52	5003.13	4998.07	5000.21	3654	0	36
2026.03.17	22:00:00	5000.24	5006.40	4999.87	5003.61	1647	0	36
2026.03.17	22:15:00	5003.59	5004.70	5001.94	5003.72	1042	0	42
2026.03.17	22:30:00	5003.73	5005.13	5002.89	5003.85	1840	0	42
2026.03.17	22:45:00	5003.87	5006.75	5001.35	5006.14	1541	0	42
2026.03.18	01:00:00	4999.74	5002.70	4998.73	4999.13	1161	0	36
2026.03.18	01:15:00	4999.14	5001.50	4999.14	5000.11	935	0	36
2026.03.18	01:30:00	5000.20	5003.64	4999.93	5002.36	1132	0	36
2026.03.18	01:45:00	5002.37	5003.11	5001.38	5002.89	862	0	36
2026.03.18	02:00:00	5002.98	5012.48	5001.18	5009.92	2269	0	36
2026.03.18	02:15:00	5009.93	5012.10	5002.65	5002.74	1910	0	36
2026.03.18	02:30:00	5002.76	5004.45	5000.13	5004.26	1894	0	36
2026.03.18	02:45:00	5004.16	5008.18	5001.19	5004.15	2305	0	36
2026.03.18	03:00:00	5004.13	5015.75	4997.86	5011.40	4240	0	36
2026.03.18	03:15:00	5011.55	5015.84	5007.85	5007.94	2970	0	36
2026.03.18	03:30:00	5007.93	5009.38	5001.38	5001.67	3818	0	36
2026.03.18	03:45:00	5001.65	5001.68	4991.33	4998.56	4341	0	36
2026.03.18	04:00:00	4999.07	5001.92	4996.44	4999.67	3537	0	36
2026.03.18	04:15:00	4999.63	5006.91	4998.91	5002.34	2551	0	36
2026.03.18	04:30:00	5002.32	5003.77	4999.94	5001.14	2807	0	36
2026.03.18	04:45:00	5001.16	5004.15	4990.48	4991.89	3669	0	36
2026.03.18	05:00:00	4991.87	4995.83	4986.24	4993.97	3858	0	36
2026.03.18	05:15:00	4994.02	4996.76	4993.75	4996.20	2593	0	36
2026.03.18	05:30:00	4996.21	4997.84	4993.88	4994.87	1944	0	36
2026.03.18	05:45:00	4994.88	4995.40	4989.65	4991.22	2201	0	36
2026.03.18	06:00:00	4991.20	4992.86	4989.56	4990.49	1830	0	36
2026.03.18	06:15:00	4990.48	4993.48	4990.35	4990.80	1477	0	36
2026.03.18	06:30:00	4990.79	4991.05	4981.71	4984.37	2848	0	36
2026.03.18	06:45:00	4984.33	4987.21	4982.37	4987.10	1954	0	36
2026.03.18	07:00:00	4987.08	4992.05	4984.58	4990.20	2516	0	36
2026.03.18	07:15:00	4990.19	4992.75	4985.37	4990.83	2401	0	36
2026.03.18	07:30:00	4990.85	5001.18	4987.49	4999.24	4025	0	36
2026.03.18	07:45:00	4999.20	5002.50	4994.70	4997.55	2892	0	36
2026.03.18	08:00:00	4997.30	5009.25	4996.26	5009.23	3532	0	36
2026.03.18	08:15:00	5009.24	5010.74	5006.87	5008.63	3363	0	36
2026.03.18	08:30:00	5008.89	5016.48	5008.57	5011.22	3133	0	36
2026.03.18	08:45:00	5011.21	5014.50	5008.38	5009.36	2842	0	36
2026.03.18	09:00:00	5009.79	5014.78	5009.62	5009.76	2668	0	36
2026.03.18	09:15:00	5009.70	5009.94	5006.19	5009.02	2441	0	36
2026.03.18	09:30:00	5009.01	5009.46	5001.40	5002.00	2270	0	36
2026.03.18	09:45:00	5002.07	5002.16	4990.22	4994.95	3944	0	36
2026.03.18	10:00:00	4994.96	4996.81	4987.48	4992.85	3504	0	36
2026.03.18	10:15:00	4992.86	4995.47	4983.47	4988.89	3770	0	36
2026.03.18	10:30:00	4988.91	4991.94	4984.12	4985.24	3314	0	36
2026.03.18	10:45:00	4985.11	4990.12	4977.25	4987.87	3360	0	36
2026.03.18	11:00:00	4987.70	4991.11	4986.37	4986.37	2898	0	36
2026.03.18	11:15:00	4986.36	4994.34	4984.83	4992.39	3146	0	36
2026.03.18	11:30:00	4992.37	4995.58	4991.81	4993.22	2682	0	36
2026.03.18	11:45:00	4993.34	4995.10	4990.73	4992.07	2342	0	36
2026.03.18	12:00:00	4992.08	4992.08	4987.29	4988.79	2560	0	36
2026.03.18	12:15:00	4988.94	4991.05	4980.77	4982.69	2764	0	36
2026.03.18	12:30:00	4982.53	4987.28	4959.31	4977.88	4801	0	36
2026.03.18	12:45:00	4977.80	4980.21	4958.96	4967.62	4007	0	36
2026.03.18	13:00:00	4967.58	4970.51	4950.10	4970.20	5027	0	36
2026.03.18	13:15:00	4970.22	4973.92	4946.09	4948.37	4892	0	36
2026.03.18	13:30:00	4948.36	4962.12	4934.53	4939.21	5791	0	36
2026.03.18	13:45:00	4938.99	4944.61	4924.96	4930.13	5719	0	36
2026.03.18	14:00:00	4930.12	4932.40	4904.89	4908.21	6235	0	36
2026.03.18	14:15:00	4907.97	4912.62	4895.54	4901.27	6249	0	36
2026.03.18	14:30:00	4901.20	4902.02	4873.86	4878.15	6610	0	36
2026.03.18	14:45:00	4878.16	4891.46	4870.51	4881.42	6477	0	36
2026.03.18	15:00:00	4881.34	4881.34	4849.56	4858.72	7437	0	36
2026.03.18	15:15:00	4858.68	4865.70	4834.05	4861.17	6863	0	36
2026.03.18	15:30:00	4861.18	4885.77	4850.33	4872.74	7412	0	36
2026.03.18	15:45:00	4873.02	4880.24	4860.64	4878.29	6865	0	36
2026.03.18	16:00:00	4878.23	4894.57	4872.22	4880.86	6514	0	36
2026.03.18	16:15:00	4880.85	4883.26	4858.89	4860.67	6419	0	36
2026.03.18	16:30:00	4860.66	4865.09	4856.27	4860.86	5902	0	36
2026.03.18	16:45:00	4860.60	4872.49	4860.28	4869.65	5636	0	36
2026.03.18	17:00:00	4869.95	4878.14	4865.79	4875.25	5621	0	36
2026.03.18	17:15:00	4875.33	4880.34	4867.12	4872.03	5119	0	36
2026.03.18	17:30:00	4872.00	4875.41	4864.09	4864.64	4479	0	36
2026.03.18	17:45:00	4864.61	4866.62	4861.02	4862.51	4742	0	36
2026.03.18	18:00:00	4862.50	4879.19	4860.82	4877.91	4564	0	36
2026.03.18	18:15:00	4877.89	4882.98	4873.86	4882.29	4397	0	36
2026.03.18	18:30:00	4882.26	4882.98	4873.25	4882.64	4600	0	36
2026.03.18	18:45:00	4882.60	4890.56	4880.00	4886.85	4674	0	36
2026.03.18	19:00:00	4886.82	4890.35	4883.77	4886.89	4276	0	36
2026.03.18	19:15:00	4886.87	4897.95	4885.26	4891.04	4721	0	36
2026.03.18	19:30:00	4890.98	4898.94	4887.25	4894.48	4381	0	36
2026.03.18	19:45:00	4894.49	4895.75	4888.82	4890.51	3967	0	36
2026.03.18	20:00:00	4890.45	4899.46	4880.53	4887.40	5813	0	36
2026.03.18	20:15:00	4887.33	4889.34	4876.77	4885.56	5203	0	36
2026.03.18	20:30:00	4885.51	4887.70	4872.51	4878.32	6310	0	36
2026.03.18	20:45:00	4878.29	4878.69	4852.35	4852.72	5823	0	36
2026.03.18	21:00:00	4852.71	4861.20	4843.48	4856.73	5837	0	36
2026.03.18	21:15:00	4856.75	4865.17	4843.86	4849.03	5687	0	36
2026.03.18	21:30:00	4848.83	4859.95	4846.24	4850.56	5039	0	36
2026.03.18	21:45:00	4850.55	4851.23	4838.08	4843.21	5487	0	36
2026.03.18	22:00:00	4843.07	4848.50	4823.48	4825.68	3870	0	36
2026.03.18	22:15:00	4825.64	4828.41	4808.95	4811.35	4711	0	36
2026.03.18	22:30:00	4811.26	4821.50	4806.62	4821.10	3773	0	36
2026.03.18	22:45:00	4821.14	4826.78	4816.65	4818.71	2826	0	36
2026.03.19	01:00:00	4834.59	4836.98	4829.41	4834.40	3147	0	36
2026.03.19	01:15:00	4834.39	4840.96	4828.01	4836.87	2965	0	36
2026.03.19	01:30:00	4836.86	4842.52	4834.16	4834.22	2927	0	36
2026.03.19	01:45:00	4834.24	4838.27	4829.91	4836.68	3431	0	36
2026.03.19	02:00:00	4836.69	4848.04	4835.36	4843.14	3840	0	36
2026.03.19	02:15:00	4843.13	4844.15	4836.81	4842.17	3146	0	36
2026.03.19	02:30:00	4842.16	4848.56	4838.16	4840.72	3718	0	36
2026.03.19	02:45:00	4840.71	4845.70	4837.34	4841.09	3552	0	36
2026.03.19	03:00:00	4841.14	4853.24	4832.73	4837.84	5817	0	36
2026.03.19	03:15:00	4837.85	4845.61	4833.60	4845.30	4451	0	36
2026.03.19	03:30:00	4845.31	4866.93	4842.89	4865.59	5268	0	36
2026.03.19	03:45:00	4865.58	4865.64	4849.22	4849.95	4243	0	36
2026.03.19	04:00:00	4849.98	4851.86	4841.59	4849.17	4860	0	36
2026.03.19	04:15:00	4849.14	4858.04	4847.96	4857.07	3096	0	36
2026.03.19	04:30:00	4857.03	4861.73	4854.05	4861.25	4345	0	36
2026.03.19	04:45:00	4861.29	4862.05	4853.33	4858.60	4086	0	36
2026.03.19	05:00:00	4858.63	4864.96	4855.18	4864.34	3501	0	36
2026.03.19	05:15:00	4864.26	4865.80	4856.71	4859.97	3544	0	36
2026.03.19	05:30:00	4860.11	4860.29	4852.16	4856.16	2766	0	36
2026.03.19	05:45:00	4856.17	4857.07	4850.79	4850.83	2722	0	36
2026.03.19	06:00:00	4850.82	4851.74	4847.24	4851.08	2826	0	36
2026.03.19	06:15:00	4851.07	4853.62	4849.88	4850.34	2197	0	36
2026.03.19	06:30:00	4850.33	4852.65	4848.20	4849.39	2336	0	36
2026.03.19	06:45:00	4849.36	4850.33	4845.74	4849.85	2371	0	36
2026.03.19	07:00:00	4849.65	4853.50	4846.60	4850.54	2971	0	36
2026.03.19	07:15:00	4850.55	4853.94	4846.52	4846.63	2686	0	36
2026.03.19	07:30:00	4846.67	4846.67	4832.63	4833.96	4758	0	36
2026.03.19	07:45:00	4833.94	4839.97	4826.99	4827.46	4577	0	36
2026.03.19	08:00:00	4827.47	4842.06	4827.33	4833.08	4789	0	36
2026.03.19	08:15:00	4833.07	4833.66	4813.08	4813.38	5428	0	36
2026.03.19	08:30:00	4813.41	4819.83	4779.96	4786.04	6452	0	36
2026.03.19	08:45:00	4786.17	4788.57	4747.66	4763.75	7041	0	36
2026.03.19	09:00:00	4763.77	4784.17	4762.99	4777.63	5574	0	36
2026.03.19	09:15:00	4777.87	4782.05	4757.04	4770.89	5104	0	36
2026.03.19	09:30:00	4770.62	4771.82	4735.71	4739.74	4886	0	36
2026.03.19	09:45:00	4739.75	4754.87	4727.42	4728.04	4947	0	36
2026.03.19	10:00:00	4728.01	4740.32	4701.36	4714.41	6387	0	36
2026.03.19	10:15:00	4714.47	4736.65	4712.77	4718.37	6017	0	36
2026.03.19	10:30:00	4718.47	4722.17	4686.71	4688.45	6610	0	36
2026.03.19	10:45:00	4688.36	4719.54	4686.59	4709.12	5889	0	36
2026.03.19	11:00:00	4709.10	4721.22	4687.76	4695.04	5865	0	36
2026.03.19	11:15:00	4695.03	4722.34	4693.47	4709.01	6189	0	36
2026.03.19	11:30:00	4708.89	4725.71	4702.66	4705.03	5887	0	36
2026.03.19	11:45:00	4705.16	4716.94	4696.10	4698.83	5962	0	36
2026.03.19	12:00:00	4698.82	4719.86	4697.73	4704.34	5048	0	36
2026.03.19	12:15:00	4704.30	4705.39	4671.26	4683.55	5326	0	36
2026.03.19	12:30:00	4683.53	4700.69	4674.09	4683.58	5505	0	36
2026.03.19	12:45:00	4683.57	4688.69	4666.52	4678.63	5269	0	36
2026.03.19	13:00:00	4678.50	4699.55	4678.50	4685.84	5161	0	36
2026.03.19	13:15:00	4685.88	4692.35	4676.34	4686.19	4814	0	36
2026.03.19	13:30:00	4686.14	4695.43	4657.94	4664.10	5429	0	36
2026.03.19	13:45:00	4664.11	4667.87	4650.77	4652.14	5594	0	36
2026.03.19	14:00:00	4651.85	4653.92	4609.98	4619.49	6745	0	36
2026.03.19	14:15:00	4619.29	4630.73	4602.91	4606.93	6313	0	36
2026.03.19	14:30:00	4606.95	4617.74	4559.87	4563.53	6846	0	36
2026.03.19	14:45:00	4563.44	4585.62	4531.24	4574.29	7471	0	36
2026.03.19	15:00:00	4574.18	4574.18	4502.72	4538.91	7795	0	36
2026.03.19	15:15:00	4538.84	4581.11	4523.49	4576.24	7589	0	36
2026.03.19	15:30:00	4576.23	4583.04	4546.09	4559.15	8209	0	36
2026.03.19	15:45:00	4559.09	4621.28	4538.84	4621.28	7995	0	36
2026.03.19	16:00:00	4621.69	4649.16	4618.54	4630.62	8003	0	36
2026.03.19	16:15:00	4630.71	4635.44	4584.44	4585.73	7868	0	36
2026.03.19	16:30:00	4585.06	4622.33	4580.88	4612.93	7668	0	36
2026.03.19	16:45:00	4612.88	4627.75	4598.16	4601.48	7384	0	36
2026.03.19	17:00:00	4601.52	4638.73	4593.30	4627.28	7300	0	36
2026.03.19	17:15:00	4627.29	4629.23	4596.20	4602.90	6871	0	36
2026.03.19	17:30:00	4602.92	4602.92	4570.01	4571.63	7212	0	36
2026.03.19	17:45:00	4571.60	4611.60	4565.93	4596.22	7194	0	36
2026.03.19	18:00:00	4596.44	4626.78	4593.03	4604.85	7083	0	36
2026.03.19	18:15:00	4604.90	4616.93	4593.46	4599.34	6800	0	36
2026.03.19	18:30:00	4599.63	4608.32	4584.02	4593.18	6713	0	36
2026.03.19	18:45:00	4593.16	4598.44	4576.71	4584.65	6375	0	36
2026.03.19	19:00:00	4584.73	4596.16	4573.71	4579.37	6246	0	36
2026.03.19	19:15:00	4579.26	4613.72	4573.91	4602.77	6687	0	36
2026.03.19	19:30:00	4603.50	4618.64	4599.63	4605.16	6138	0	36
2026.03.19	19:45:00	4605.15	4629.72	4604.97	4615.91	5930	0	36
2026.03.19	20:00:00	4615.28	4618.92	4600.92	4614.76	6140	0	36
2026.03.19	20:15:00	4614.75	4617.41	4604.29	4609.30	5705	0	36
2026.03.19	20:30:00	4609.18	4610.97	4596.29	4608.99	5241	0	36
2026.03.19	20:45:00	4609.07	4622.90	4604.24	4622.86	4970	0	36
2026.03.19	21:00:00	4622.90	4662.92	4622.90	4656.98	7722	0	36
2026.03.19	21:15:00	4656.96	4661.77	4633.06	4644.05	7108	0	36
2026.03.19	21:30:00	4644.07	4649.21	4632.68	4638.64	6267	0	36
2026.03.19	21:45:00	4638.62	4649.99	4631.94	4643.98	6315	0	36
2026.03.19	22:00:00	4643.71	4658.15	4642.70	4654.02	3992	0	36
2026.03.19	22:15:00	4654.03	4660.64	4649.86	4657.17	3117	0	40
2026.03.19	22:30:00	4657.19	4659.44	4653.50	4654.44	2260	0	42
2026.03.19	22:45:00	4655.26	4661.74	4648.56	4650.11	2553	0	40
2026.03.20	01:00:00	4636.39	4647.53	4636.38	4638.81	3040	0	36
2026.03.20	01:15:00	4638.80	4646.95	4638.37	4643.89	2802	0	36
2026.03.20	01:30:00	4643.93	4647.71	4634.11	4635.70	3115	0	36
2026.03.20	01:45:00	4635.68	4646.79	4635.41	4643.67	3051	0	36
2026.03.20	02:00:00	4643.66	4662.95	4642.93	4661.90	3874	0	36
2026.03.20	02:15:00	4662.26	4665.22	4642.17	4649.35	4173	0	36
2026.03.20	02:30:00	4649.38	4656.41	4644.73	4655.86	3396	0	36
2026.03.20	02:45:00	4655.85	4660.47	4647.12	4648.67	3347	0	36
2026.03.20	03:00:00	4648.09	4680.20	4639.39	4651.91	6523	0	36
2026.03.20	03:15:00	4651.85	4662.06	4648.29	4662.06	5394	0	36
2026.03.20	03:30:00	4662.05	4688.80	4661.28	4686.57	5637	0	36
2026.03.20	03:45:00	4686.42	4699.10	4672.21	4677.23	5608	0	36
2026.03.20	04:00:00	4677.25	4689.37	4670.13	4685.46	4603	0	36
2026.03.20	04:15:00	4685.57	4690.12	4680.85	4683.52	3490	0	36
2026.03.20	04:30:00	4683.47	4691.34	4679.24	4685.13	4706	0	36
2026.03.20	04:45:00	4685.14	4703.51	4682.73	4698.07	4559	0	36
2026.03.20	05:00:00	4698.29	4723.71	4693.12	4717.37	5043	0	36
2026.03.20	05:15:00	4717.35	4735.88	4716.38	4733.59	5048	0	36
2026.03.20	05:30:00	4733.62	4735.68	4728.02	4730.26	3392	0	36
2026.03.20	05:45:00	4730.28	4730.30	4721.63	4725.59	3550	0	36
2026.03.20	06:00:00	4725.60	4727.45	4716.82	4719.00	3003	0	36
2026.03.20	06:15:00	4718.97	4724.07	4718.35	4723.26	2900	0	36
2026.03.20	06:30:00	4723.29	4726.80	4718.23	4719.85	2319	0	36
2026.03.20	06:45:00	4719.87	4722.71	4715.23	4721.45	2407	0	36
2026.03.20	07:00:00	4721.56	4721.73	4710.55	4718.48	3560	0	36
2026.03.20	07:15:00	4718.47	4723.58	4717.41	4719.74	3173	0	36
2026.03.20	07:30:00	4719.73	4720.25	4701.98	4709.41	5289	0	36
2026.03.20	07:45:00	4709.39	4710.61	4685.79	4688.45	5565	0	36
2026.03.20	08:00:00	4688.54	4701.24	4684.83	4691.26	5085	0	36
2026.03.20	08:15:00	4691.25	4695.81	4679.97	4687.95	5107	0	36
2026.03.20	08:30:00	4687.91	4689.64	4661.32	4665.89	5395	0	36
2026.03.20	08:45:00	4665.88	4675.57	4662.44	4669.27	5066	0	36
2026.03.20	09:00:00	4668.91	4683.94	4668.09	4679.39	4605	0	36
2026.03.20	09:15:00	4679.35	4688.47	4676.72	4688.24	3876	0	36
2026.03.20	09:30:00	4688.22	4698.12	4685.21	4694.16	3572	0	36
2026.03.20	09:45:00	4694.32	4708.10	4694.32	4706.30	3746	0	36
2026.03.20	10:00:00	4706.36	4717.51	4702.08	4716.10	4373	0	36
2026.03.20	10:15:00	4715.98	4734.75	4715.42	4722.78	4885	0	36
2026.03.20	10:30:00	4722.77	4722.89	4699.33	4707.23	4978	0	36
2026.03.20	10:45:00	4707.29	4708.30	4684.86	4693.59	5030	0	36
2026.03.20	11:00:00	4693.57	4700.21	4684.05	4693.75	4470	0	36
2026.03.20	11:15:00	4693.65	4697.21	4684.09	4692.01	4067	0	36
2026.03.20	11:30:00	4692.00	4692.46	4670.80	4673.31	4579	0	36
2026.03.20	11:45:00	4673.36	4677.17	4659.57	4667.57	5144	0	36
2026.03.20	12:00:00	4667.55	4670.04	4650.08	4662.87	5585	0	36
2026.03.20	12:15:00	4662.91	4666.37	4645.92	4658.06	4968	0	36
2026.03.20	12:30:00	4657.96	4669.69	4649.35	4659.74	4765	0	36
2026.03.20	12:45:00	4659.76	4660.25	4638.15	4645.34	5253	0	36
2026.03.20	13:00:00	4645.16	4666.50	4637.18	4662.58	5459	0	36
2026.03.20	13:15:00	4662.59	4668.54	4658.64	4665.21	4503	0	36
2026.03.20	13:30:00	4665.22	4674.12	4661.49	4669.37	4743	0	36
2026.03.20	13:45:00	4669.35	4672.18	4657.57	4671.57	4473	0	36
2026.03.20	14:00:00	4671.64	4695.62	4671.64	4685.44	5997	0	36
2026.03.20	14:15:00	4685.41	4691.99	4677.73	4678.15	5393	0	36
2026.03.20	14:30:00	4678.16	4682.04	4661.91	4670.25	5686	0	36
2026.03.20	14:45:00	4670.24	4681.82	4665.87	4678.35	5389	0	36
2026.03.20	15:00:00	4678.34	4679.72	4653.78	4661.99	6624	0	36
2026.03.20	15:15:00	4662.04	4670.28	4655.64	4660.22	5958	0	36
2026.03.20	15:30:00	4660.16	4665.81	4636.39	4662.56	7926	0	36
2026.03.20	15:45:00	4662.57	4665.16	4612.66	4616.40	7884	0	36
2026.03.20	16:00:00	4616.35	4622.50	4585.98	4587.22	7810	0	36
2026.03.20	16:15:00	4587.20	4588.43	4551.15	4557.89	8049	0	36
2026.03.20	16:30:00	4557.83	4585.10	4557.00	4575.76	7583	0	36
2026.03.20	16:45:00	4575.70	4582.47	4548.18	4564.17	7304	0	36
2026.03.20	17:00:00	4563.97	4579.85	4560.00	4575.83	7071	0	36
2026.03.20	17:15:00	4576.60	4576.68	4540.41	4562.65	7250	0	36
2026.03.20	17:30:00	4562.67	4575.73	4556.88	4562.58	7082	0	36
2026.03.20	17:45:00	4562.63	4562.71	4543.98	4553.24	6708	0	36
2026.03.20	18:00:00	4553.30	4588.58	4551.92	4588.54	6324	0	36
2026.03.20	18:15:00	4588.22	4613.84	4583.40	4584.73	6671	0	36
2026.03.20	18:30:00	4584.92	4592.46	4570.54	4581.16	6478	0	36
2026.03.20	18:45:00	4581.15	4588.37	4568.04	4583.22	5983	0	36
2026.03.20	19:00:00	4583.09	4600.88	4573.39	4581.88	6551	0	36
2026.03.20	19:15:00	4581.78	4582.62	4568.58	4572.01	6214	0	36
2026.03.20	19:30:00	4571.99	4574.49	4554.26	4565.68	6033	0	36
2026.03.20	19:45:00	4565.67	4577.05	4562.55	4573.30	5522	0	36
2026.03.20	20:00:00	4573.31	4578.43	4561.01	4563.27	5598	0	36
2026.03.20	20:15:00	4563.24	4568.10	4536.18	4554.47	6639	0	36
2026.03.20	20:30:00	4554.38	4556.89	4524.54	4525.91	6204	0	36
2026.03.20	20:45:00	4525.92	4529.12	4477.34	4499.30	6790	0	36
2026.03.20	21:00:00	4499.37	4516.23	4485.57	4500.40	6696	0	36
2026.03.20	21:15:00	4500.43	4507.93	4484.94	4498.58	6839	0	36
2026.03.20	21:30:00	4498.54	4516.70	4491.96	4514.17	6648	0	36
2026.03.20	21:45:00	4514.39	4515.86	4497.05	4501.64	6446	0	36
2026.03.20	22:00:00	4501.51	4507.14	4493.33	4504.63	4470	0	36
2026.03.20	22:15:00	4504.68	4514.32	4500.68	4501.17	4068	0	42
2026.03.20	22:30:00	4501.65	4504.48	4496.97	4503.06	3780	0	42
2026.03.20	22:45:00	4502.99	4504.16	4488.99	4490.65	3393	0	40
2026.03.20	23:00:00	4490.66	4490.66	4490.66	4490.66	1	0	43
2026.03.23	01:00:00	4498.78	4510.42	4485.40	4489.89	4694	0	36
2026.03.23	01:15:00	4489.90	4499.62	4482.37	4484.68	4696	0	36
2026.03.23	01:30:00	4484.69	4490.51	4472.64	4488.98	4655	0	36
2026.03.23	01:45:00	4488.99	4493.63	4452.39	4465.83	5640	0	36
2026.03.23	02:00:00	4465.25	4473.35	4425.76	4436.86	6674	0	36
2026.03.23	02:15:00	4436.79	4445.25	4404.17	4427.86	6331	0	36
2026.03.23	02:30:00	4428.29	4436.76	4330.16	4361.98	6898	0	36
2026.03.23	02:45:00	4361.82	4370.94	4319.80	4352.22	6839	0	36
2026.03.23	03:00:00	4350.74	4422.65	4330.27	4406.91	7686	0	36
2026.03.23	03:15:00	4407.16	4443.64	4407.12	4423.57	6907	0	36
2026.03.23	03:30:00	4424.08	4454.30	4416.72	4434.74	7221	0	36
2026.03.23	03:45:00	4434.54	4436.65	4381.26	4387.85	6911	0	36
2026.03.23	04:00:00	4387.84	4422.01	4383.08	4396.01	6998	0	36
2026.03.23	04:15:00	4395.94	4416.92	4394.04	4398.36	5756	0	36
2026.03.23	04:30:00	4398.32	4400.78	4369.35	4383.45	6931	0	36
2026.03.23	04:45:00	4383.34	4383.38	4354.83	4360.30	6773	0	36
2026.03.23	05:00:00	4361.26	4377.95	4348.06	4349.86	6241	0	36
2026.03.23	05:15:00	4349.82	4365.38	4346.93	4351.89	6030	0	36
2026.03.23	05:30:00	4351.91	4364.65	4335.13	4341.87	5595	0	36
2026.03.23	05:45:00	4341.82	4360.24	4337.04	4355.25	4585	0	36
2026.03.23	06:00:00	4354.88	4370.56	4354.66	4363.68	5109	0	36
2026.03.23	06:15:00	4363.59	4370.57	4361.47	4368.48	3715	0	36
2026.03.23	06:30:00	4368.39	4381.79	4359.89	4374.47	4386	0	36
2026.03.23	06:45:00	4374.39	4376.44	4350.04	4367.48	4711	0	36
2026.03.23	07:00:00	4367.44	4379.97	4366.04	4371.45	4603	0	36
2026.03.23	07:15:00	4371.42	4374.08	4351.82	4352.00	4859	0	36
2026.03.23	07:30:00	4352.09	4352.09	4320.01	4320.98	7195	0	36
2026.03.23	07:45:00	4321.20	4326.60	4301.82	4310.25	6716	0	36
2026.03.23	08:00:00	4310.28	4310.34	4270.26	4295.51	6565	0	36
2026.03.23	08:15:00	4295.50	4310.54	4238.77	4242.92	7006	0	36
2026.03.23	08:30:00	4243.35	4249.95	4181.86	4182.11	7849	0	36
2026.03.23	08:45:00	4182.51	4229.91	4162.65	4219.17	7672	0	36
2026.03.23	09:00:00	4219.10	4220.56	4123.18	4123.63	7268	0	36
2026.03.23	09:15:00	4122.67	4160.10	4098.75	4133.63	7603	0	36
2026.03.23	09:30:00	4132.76	4216.10	4129.29	4215.84	7111	0	36
2026.03.23	09:45:00	4215.66	4232.61	4186.13	4208.21	6843	0	36
2026.03.23	10:00:00	4208.23	4255.78	4207.56	4255.27	4253	0	36
2026.03.23	10:15:00	4255.04	4256.12	4211.15	4224.56	7106	0	36
2026.03.23	10:30:00	4224.62	4270.44	4222.50	4258.10	6647	0	36
2026.03.23	10:45:00	4258.08	4269.53	4219.55	4251.03	6385	0	36
2026.03.23	11:00:00	4250.90	4269.57	4245.79	4269.33	6284	0	36
2026.03.23	11:15:00	4269.27	4303.89	4267.63	4302.54	6074	0	36
2026.03.23	11:30:00	4302.47	4308.34	4223.48	4224.15	7061	0	36
2026.03.23	11:45:00	4224.53	4256.99	4224.53	4255.00	6138	0	36
2026.03.23	12:00:00	4254.73	4272.72	4243.56	4264.89	6100	0	36
2026.03.23	12:15:00	4264.72	4274.97	4256.29	4267.89	5417	0	36
2026.03.23	12:30:00	4268.46	4269.55	4241.22	4256.56	5815	0	36
2026.03.23	12:45:00	4256.55	4282.04	4249.79	4270.32	6310	0	36
2026.03.23	13:00:00	4270.61	4462.15	4270.57	4456.38	6891	0	36
2026.03.23	13:15:00	4455.25	4459.06	4355.28	4399.34	7092	0	36
2026.03.23	13:30:00	4400.00	4432.15	4383.45	4410.04	6736	0	36
2026.03.23	13:45:00	4410.70	4417.22	4361.60	4379.53	7531	0	36
2026.03.23	14:00:00	4379.49	4380.42	4336.75	4356.46	7639	0	36
2026.03.23	14:15:00	4355.90	4405.06	4352.29	4388.05	7515	0	36
2026.03.23	14:30:00	4388.01	4442.00	4373.82	4438.94	7460	0	36
2026.03.23	14:45:00	4438.50	4492.57	4433.20	4484.47	7799	0	36
2026.03.23	15:00:00	4484.33	4484.76	4431.31	4447.12	7775	0	36
2026.03.23	15:15:00	4448.96	4452.66	4401.61	4405.40	6814	0	36
2026.03.23	15:30:00	4405.58	4450.06	4401.59	4422.44	8283	0	36
2026.03.23	15:45:00	4422.71	4466.90	4421.92	4456.93	8020	0	36
2026.03.23	16:00:00	4456.84	4479.29	4453.56	4463.94	8078	0	36
2026.03.23	16:15:00	4463.86	4512.77	4461.35	4480.59	8014	0	36
2026.03.23	16:30:00	4480.56	4504.37	4469.68	4480.00	7888	0	36
2026.03.23	16:45:00	4480.02	4485.80	4456.29	4459.71	7692	0	36
2026.03.23	17:00:00	4459.68	4486.97	4454.54	4465.31	7732	0	36
2026.03.23	17:15:00	4464.95	4468.17	4427.90	4450.10	7706	0	36
2026.03.23	17:30:00	4449.90	4455.90	4405.36	4406.55	7804	0	36
2026.03.23	17:45:00	4407.31	4414.12	4351.08	4363.53	8110	0	36
2026.03.23	18:00:00	4363.76	4390.13	4352.85	4381.43	8072	0	36
2026.03.23	18:15:00	4381.46	4389.41	4352.65	4354.13	7022	0	36
2026.03.23	18:30:00	4354.48	4387.85	4354.45	4383.24	7533	0	36
2026.03.23	18:45:00	4383.19	4391.68	4371.29	4378.61	7626	0	36
2026.03.23	19:00:00	4379.13	4405.63	4370.86	4397.52	7144	0	36
2026.03.23	19:15:00	4397.37	4413.64	4388.48	4404.47	7156	0	36
2026.03.23	19:30:00	4404.28	4438.92	4404.06	4420.77	7025	0	36
2026.03.23	19:45:00	4420.82	4429.73	4404.44	4426.63	6267	0	36
2026.03.23	20:00:00	4426.58	4429.03	4402.32	4418.56	6676	0	36
2026.03.23	20:15:00	4418.55	4430.83	4409.49	4426.15	6231	0	36
2026.03.23	20:30:00	4426.21	4462.01	4425.54	4459.94	6367	0	36
2026.03.23	20:45:00	4459.68	4466.90	4446.25	4447.99	5925	0	36
2026.03.23	21:00:00	4448.20	4450.64	4402.57	4409.99	6171	0	36
2026.03.23	21:15:00	4410.02	4414.91	4392.80	4411.91	6505	0	36
2026.03.23	21:30:00	4411.92	4415.50	4402.32	4414.99	5632	0	36
2026.03.23	21:45:00	4414.98	4427.70	4396.48	4396.48	6439	0	36
2026.03.23	22:00:00	4396.37	4408.35	4382.92	4405.80	4653	0	36
2026.03.23	22:15:00	4405.83	4412.98	4403.71	4406.55	2696	0	40
2026.03.23	22:30:00	4406.56	4411.27	4396.01	4411.19	2557	0	40
2026.03.23	22:45:00	4411.18	4412.83	4405.02	4407.46	2309	0	40
2026.03.23	23:45:00	4413.90	4414.07	4412.89	4413.39	18	0	42
2026.03.24	01:00:00	4427.32	4437.51	4423.32	4435.54	3697	0	36
2026.03.24	01:15:00	4435.50	4448.33	4433.67	4440.98	3537	0	36
2026.03.24	01:30:00	4440.99	4444.71	4421.77	4431.36	3717	0	36
2026.03.24	01:45:00	4431.44	4446.20	4421.86	4442.33	4300	0	36
2026.03.24	02:00:00	4442.39	4446.53	4420.08	4422.43	5347	0	36
2026.03.24	02:15:00	4422.45	4422.53	4368.97	4379.61	6365	0	36
2026.03.24	02:30:00	4379.58	4387.29	4331.54	4345.81	6304	0	36
2026.03.24	02:45:00	4345.76	4386.55	4343.06	4366.96	6189	0	36
2026.03.24	03:00:00	4365.05	4374.15	4328.05	4334.11	7483	0	36
2026.03.24	03:15:00	4334.54	4369.00	4332.14	4352.96	7027	0	36
2026.03.24	03:30:00	4352.86	4368.11	4319.17	4322.37	6982	0	36
2026.03.24	03:45:00	4322.65	4331.88	4308.17	4321.20	7068	0	36
2026.03.24	04:00:00	4321.26	4336.71	4305.83	4313.73	6825	0	36
2026.03.24	04:15:00	4313.74	4353.77	4309.35	4347.68	6271	0	36
2026.03.24	04:30:00	4347.25	4373.57	4345.43	4366.41	6588	0	36
2026.03.24	04:45:00	4366.50	4379.45	4352.09	4366.53	6372	0	36
2026.03.24	05:00:00	4366.28	4366.29	4350.08	4359.16	5602	0	36
2026.03.24	05:15:00	4359.15	4368.31	4355.69	4362.51	5613	0	36
2026.03.24	05:30:00	4362.48	4362.48	4338.14	4340.03	5500	0	36
2026.03.24	05:45:00	4339.98	4349.57	4335.07	4347.51	4914	0	36
2026.03.24	06:00:00	4347.49	4357.12	4346.62	4347.75	4538	0	36
2026.03.24	06:15:00	4347.67	4349.16	4326.48	4339.02	5124	0	36
2026.03.24	06:30:00	4339.55	4347.96	4335.86	4341.16	4155	0	36
2026.03.24	06:45:00	4341.12	4349.62	4332.04	4335.48	4156	0	36
2026.03.24	07:00:00	4335.54	4345.76	4319.76	4336.03	5539	0	36
2026.03.24	07:15:00	4335.32	4346.85	4332.70	4333.60	5418	0	36
2026.03.24	07:30:00	4333.23	4374.24	4321.21	4356.01	6854	0	36
2026.03.24	07:45:00	4356.11	4369.02	4342.96	4346.00	6042	0	36
2026.03.24	08:00:00	4345.98	4375.71	4343.69	4366.55	6136	0	36
2026.03.24	08:15:00	4366.68	4396.80	4358.99	4387.87	6219	0	36
2026.03.24	08:30:00	4387.89	4397.16	4374.66	4376.90	6317	0	36
2026.03.24	08:45:00	4376.95	4404.72	4373.10	4401.26	6063	0	36
2026.03.24	09:00:00	4401.27	4425.60	4401.15	4423.72	6176	0	36
2026.03.24	09:15:00	4423.86	4425.15	4405.84	4411.66	5983	0	36
2026.03.24	09:30:00	4411.59	4411.75	4399.76	4406.99	5577	0	36
2026.03.24	09:45:00	4406.71	4432.74	4401.64	4419.08	5276	0	36
2026.03.24	10:00:00	4419.10	4420.88	4402.27	4413.19	6768	0	36
2026.03.24	10:15:00	4412.75	4417.48	4390.97	4393.77	6159	0	36
2026.03.24	10:30:00	4393.59	4405.71	4391.56	4400.34	5466	0	36
2026.03.24	10:45:00	4400.40	4414.38	4398.54	4410.90	6057	0	36
2026.03.24	11:00:00	4410.94	4419.09	4397.32	4398.16	5890	0	36
2026.03.24	11:15:00	4398.10	4415.13	4395.79	4406.93	5313	0	36
2026.03.24	11:30:00	4407.03	4421.15	4404.85	4417.43	5152	0	36
2026.03.24	11:45:00	4417.38	4430.83	4411.92	4426.85	4870	0	36
2026.03.24	12:00:00	4428.78	4431.04	4415.22	4426.06	5294	0	36
2026.03.24	12:15:00	4432.33	4432.74	4419.65	4419.65	4343	0	36
2026.03.24	12:30:00	4419.52	4427.93	4414.71	4426.96	4775	0	36
2026.03.24	12:45:00	4426.94	4441.88	4418.69	4436.38	5111	0	36
2026.03.24	13:00:00	4436.29	4442.04	4379.83	4419.23	6832	0	36
2026.03.24	13:15:00	4419.52	4420.51	4403.32	4413.01	5725	0	36
2026.03.24	13:30:00	4412.95	4431.50	4411.22	4421.36	5409	0	36
2026.03.24	13:45:00	4421.46	4427.63	4390.45	4410.32	6320	0	36
2026.03.24	14:00:00	4410.39	4422.36	4404.58	4419.14	6088	0	36
2026.03.24	14:15:00	4419.11	4427.40	4395.71	4398.72	6416	0	36
2026.03.24	14:30:00	4398.77	4406.54	4362.13	4371.76	7225	0	36
2026.03.24	14:45:00	4371.55	4390.56	4371.50	4377.94	6543	0	36
2026.03.24	15:00:00	4378.30	4390.06	4363.79	4380.79	7437	0	36
2026.03.24	15:15:00	4381.00	4384.24	4355.95	4366.76	7112	0	36
2026.03.24	15:30:00	4367.06	4370.64	4351.58	4356.77	7874	0	36
2026.03.24	15:45:00	4356.65	4385.92	4352.72	4385.13	7800	0	36
2026.03.24	16:00:00	4384.93	4404.50	4382.74	4395.17	7662	0	36
2026.03.24	16:15:00	4394.93	4414.97	4388.99	4409.31	6893	0	36
2026.03.24	16:30:00	4409.36	4420.68	4400.27	4413.15	7666	0	36
2026.03.24	16:45:00	4413.14	4434.08	4401.29	4418.31	7831	0	36
2026.03.24	17:00:00	4417.90	4419.95	4395.97	4410.69	7712	0	36
2026.03.24	17:15:00	4410.64	4420.38	4403.20	4415.95	7100	0	36
2026.03.24	17:30:00	4415.91	4428.80	4409.77	4423.15	6873	0	36
2026.03.24	17:45:00	4423.22	4431.17	4409.23	4411.17	6723	0	36
2026.03.24	18:00:00	4411.19	4415.34	4402.60	4413.12	6745	0	36
2026.03.24	18:15:00	4413.41	4425.62	4411.55	4422.08	5984	0	36
2026.03.24	18:30:00	4422.12	4425.63	4408.58	4423.19	6121	0	36
2026.03.24	18:45:00	4423.23	4427.52	4418.26	4422.54	6231	0	36
2026.03.24	19:00:00	4422.51	4426.26	4388.11	4398.28	7467	0	36
2026.03.24	19:15:00	4397.38	4405.87	4394.10	4396.63	7140	0	36
2026.03.24	19:30:00	4396.48	4397.75	4374.06	4375.23	6909	0	36
2026.03.24	19:45:00	4375.25	4394.75	4372.34	4388.78	6999	0	36
2026.03.24	20:00:00	4389.05	4393.98	4383.77	4390.41	6336	0	36
2026.03.24	20:15:00	4390.40	4410.04	4387.28	4408.78	6324	0	36
2026.03.24	20:30:00	4408.85	4423.40	4394.65	4399.63	6643	0	36
2026.03.24	20:45:00	4399.65	4401.84	4384.11	4389.46	5960	0	36
2026.03.24	21:00:00	4389.40	4405.96	4389.16	4404.38	4927	0	36
2026.03.24	21:15:00	4404.42	4411.27	4399.83	4406.85	5042	0	36
2026.03.24	21:30:00	4406.84	4406.84	4394.95	4401.40	5295	0	36
2026.03.24	21:45:00	4401.41	4404.38	4396.52	4400.15	5315	0	36
2026.03.24	22:00:00	4400.14	4404.25	4397.26	4401.42	2930	0	36
2026.03.24	22:15:00	4401.43	4484.04	4398.97	4457.43	5902	0	40
2026.03.24	22:30:00	4457.44	4472.71	4447.69	4461.83	6850	0	40
2026.03.24	22:45:00	4461.84	4481.45	4456.47	4472.76	5055	0	40
2026.03.24	23:45:00	4474.44	4476.14	4473.99	4474.12	56	0	42
2026.03.25	01:00:00	4483.93	4484.98	4472.42	4484.65	3697	0	36
2026.03.25	01:15:00	4484.56	4513.78	4482.96	4509.67	4752	0	36
2026.03.25	01:30:00	4509.60	4545.91	4504.45	4533.83	5439	0	36
2026.03.25	01:45:00	4533.82	4553.47	4532.11	4553.19	5123	0	36
2026.03.25	02:00:00	4553.10	4554.68	4537.41	4549.68	5391	0	36
2026.03.25	02:15:00	4549.77	4557.06	4538.84	4554.60	5166	0	36
2026.03.25	02:30:00	4554.66	4569.92	4546.63	4568.32	4852	0	36
2026.03.25	02:45:00	4568.33	4571.92	4557.98	4561.97	4446	0	36
2026.03.25	03:00:00	4562.20	4578.96	4552.25	4571.10	6054	0	36
2026.03.25	03:15:00	4571.45	4578.72	4568.28	4576.86	5223	0	36
2026.03.25	03:30:00	4576.96	4591.03	4576.56	4585.81	5299	0	36
2026.03.25	03:45:00	4585.83	4601.03	4583.45	4594.48	5059	0	36
2026.03.25	04:00:00	4594.10	4595.16	4579.75	4586.18	5611	0	36
2026.03.25	04:15:00	4586.21	4592.62	4583.14	4583.45	3787	0	36
2026.03.25	04:30:00	4583.52	4597.32	4581.21	4595.46	4640	0	36
2026.03.25	04:45:00	4595.44	4602.55	4581.86	4584.42	4659	0	36
2026.03.25	05:00:00	4584.30	4586.95	4573.25	4575.06	4808	0	36
2026.03.25	05:15:00	4575.07	4579.62	4571.60	4574.61	4129	0	36
2026.03.25	05:30:00	4574.78	4577.95	4569.65	4569.77	3511	0	36
2026.03.25	05:45:00	4569.74	4574.35	4567.91	4568.64	3358	0	36
2026.03.25	06:00:00	4568.68	4574.37	4565.66	4573.57	2798	0	36
2026.03.25	06:15:00	4573.56	4574.57	4571.01	4573.85	2515	0	36
2026.03.25	06:30:00	4573.83	4574.47	4566.31	4569.32	2224	0	36
2026.03.25	06:45:00	4569.24	4573.97	4568.12	4571.75	2459	0	36
2026.03.25	07:00:00	4571.74	4573.50	4566.93	4570.72	3007	0	36
2026.03.25	07:15:00	4570.71	4570.90	4553.98	4555.68	3762	0	36
2026.03.25	07:30:00	4555.75	4566.92	4549.18	4566.39	5134	0	36
2026.03.25	07:45:00	4566.36	4566.49	4553.68	4555.71	4766	0	36
2026.03.25	08:00:00	4555.69	4555.99	4533.15	4538.52	5420	0	36
2026.03.25	08:15:00	4538.51	4552.77	4538.11	4552.01	4527	0	36
2026.03.25	08:30:00	4552.12	4557.21	4544.16	4547.20	4240	0	36
2026.03.25	08:45:00	4547.21	4550.46	4543.28	4546.29	4011	0	36
2026.03.25	09:00:00	4546.30	4558.81	4544.75	4557.19	3898	0	36
2026.03.25	09:15:00	4557.16	4563.23	4555.98	4560.29	3994	0	36
2026.03.25	09:30:00	4560.28	4560.28	4542.79	4548.22	4569	0	36
2026.03.25	09:45:00	4548.20	4550.02	4536.83	4538.62	4427	0	36
2026.03.25	10:00:00	4538.63	4559.00	4535.60	4556.88	5568	0	36
2026.03.25	10:15:00	4556.89	4568.12	4556.89	4566.04	5253	0	36
2026.03.25	10:30:00	4565.99	4567.33	4553.44	4562.58	5305	0	36
2026.03.25	10:45:00	4562.76	4567.14	4554.91	4556.84	5095	0	36
2026.03.25	11:00:00	4556.71	4567.55	4554.01	4564.51	4437	0	36
2026.03.25	11:15:00	4564.56	4565.99	4554.76	4558.59	4212	0	36
2026.03.25	11:30:00	4558.53	4560.40	4549.28	4550.59	4770	0	36
2026.03.25	11:45:00	4550.47	4555.41	4527.43	4552.03	5473	0	36
2026.03.25	12:00:00	4552.41	4560.85	4551.26	4554.53	4946	0	36
2026.03.25	12:15:00	4554.51	4558.22	4551.61	4555.84	4462	0	36
2026.03.25	12:30:00	4555.82	4558.94	4550.88	4553.46	4552	0	36
2026.03.25	12:45:00	4553.45	4562.37	4551.79	4558.75	4120	0	36
2026.03.25	13:00:00	4558.76	4569.08	4556.06	4568.38	4045	0	36
2026.03.25	13:15:00	4568.50	4583.71	4564.47	4582.99	4293	0	36
2026.03.25	13:30:00	4583.00	4585.65	4580.81	4582.21	3966	0	36
2026.03.25	13:45:00	4582.22	4582.95	4572.53	4580.78	5373	0	36
2026.03.25	14:00:00	4580.74	4583.65	4572.96	4578.91	5132	0	36
2026.03.25	14:15:00	4578.92	4579.12	4540.22	4542.97	7210	0	36
2026.03.25	14:30:00	4542.94	4554.49	4521.75	4542.52	6370	0	36
2026.03.25	14:45:00	4542.21	4552.16	4536.08	4546.55	6016	0	36
2026.03.25	15:00:00	4546.30	4571.18	4541.08	4559.30	6521	0	36
2026.03.25	15:15:00	4559.33	4576.55	4551.41	4573.26	5645	0	36
2026.03.25	15:30:00	4573.30	4573.66	4556.53	4561.54	7421	0	36
2026.03.25	15:45:00	4561.21	4562.05	4540.93	4545.81	7539	0	36
2026.03.25	16:00:00	4545.89	4556.05	4533.03	4555.58	7507	0	36
2026.03.25	16:15:00	4555.57	4564.05	4545.76	4563.35	7157	0	36
2026.03.25	16:30:00	4563.53	4569.26	4557.35	4568.01	6745	0	36
2026.03.25	16:45:00	4567.99	4579.42	4563.84	4566.70	6211	0	36
2026.03.25	17:00:00	4566.72	4567.91	4547.95	4551.08	6679	0	36
2026.03.25	17:15:00	4551.13	4564.34	4524.78	4561.80	7140	0	36
2026.03.25	17:30:00	4561.72	4564.93	4555.16	4555.69	5974	0	36
2026.03.25	17:45:00	4555.80	4565.83	4553.49	4560.35	5909	0	36
2026.03.25	18:00:00	4560.51	4564.73	4552.42	4554.23	6152	0	36
2026.03.25	18:15:00	4554.24	4560.18	4545.28	4554.48	6453	0	36
2026.03.25	18:30:00	4554.40	4560.79	4551.22	4555.71	5620	0	36
2026.03.25	18:45:00	4555.65	4559.19	4549.75	4554.11	5170	0	36
2026.03.25	19:00:00	4554.10	4557.78	4543.53	4550.56	5492	0	36
2026.03.25	19:15:00	4550.58	4558.20	4542.56	4553.47	5221	0	36
2026.03.25	19:30:00	4553.46	4564.03	4550.19	4559.70	5073	0	36
2026.03.25	19:45:00	4559.71	4561.94	4545.64	4548.80	5200	0	36
2026.03.25	20:00:00	4548.81	4568.92	4545.38	4549.57	5660	0	36
2026.03.25	20:15:00	4549.54	4556.50	4546.42	4552.88	5074	0	36
2026.03.25	20:30:00	4552.90	4557.78	4547.17	4548.38	4391	0	36
2026.03.25	20:45:00	4548.40	4549.58	4530.87	4538.84	5176	0	36
2026.03.25	21:00:00	4538.86	4539.50	4486.75	4510.42	6291	0	36
2026.03.25	21:15:00	4510.39	4518.74	4502.76	4514.97	5757	0	36
2026.03.25	21:30:00	4515.10	4527.25	4506.03	4523.20	5073	0	36
2026.03.25	21:45:00	4523.19	4533.66	4513.60	4530.84	5401	0	36
2026.03.25	22:00:00	4530.69	4541.95	4522.85	4530.64	3867	0	36
2026.03.25	22:15:00	4530.49	4534.05	4522.20	4524.27	2529	0	40
2026.03.25	22:30:00	4524.25	4524.84	4494.89	4504.80	3567	0	40
2026.03.25	22:45:00	4504.79	4507.23	4501.48	4505.69	2425	0	41
2026.03.25	23:45:00	4511.72	4514.14	4511.57	4513.89	62	0	42
2026.03.26	01:00:00	4516.59	4518.35	4497.61	4509.99	3963	0	36
2026.03.26	01:15:00	4509.98	4512.98	4496.83	4506.18	3599	0	36
2026.03.26	01:30:00	4506.19	4511.23	4488.69	4497.27	3642	0	36
2026.03.26	01:45:00	4497.32	4505.07	4491.57	4504.54	3354	0	36
2026.03.26	02:00:00	4504.61	4527.70	4503.65	4526.37	5063	0	36
2026.03.26	02:15:00	4526.34	4535.69	4524.25	4527.20	4315	0	36
2026.03.26	02:30:00	4527.19	4532.55	4524.73	4528.14	3796	0	36
2026.03.26	02:45:00	4528.13	4541.55	4527.92	4538.58	4673	0	36
2026.03.26	03:00:00	4538.15	4544.24	4531.18	4534.21	5518	0	36
2026.03.26	03:15:00	4534.23	4537.23	4526.76	4535.89	4963	0	36
2026.03.26	03:30:00	4535.88	4537.77	4526.01	4531.54	5184	0	36
2026.03.26	03:45:00	4531.23	4536.20	4522.40	4535.14	4838	0	36
2026.03.26	04:00:00	4535.11	4535.45	4527.62	4532.37	4478	0	36
2026.03.26	04:15:00	4532.30	4532.98	4524.87	4528.08	4055	0	36
2026.03.26	04:30:00	4527.98	4530.54	4511.89	4518.28	4999	0	36
2026.03.26	04:45:00	4518.26	4521.15	4505.71	4509.33	4574	0	36
2026.03.26	05:00:00	4509.34	4511.90	4501.83	4511.67	4947	0	36
2026.03.26	05:15:00	4511.65	4513.65	4500.00	4508.63	4390	0	36
2026.03.26	05:30:00	4508.64	4518.76	4508.64	4515.69	3737	0	36
2026.03.26	05:45:00	4515.70	4517.26	4510.49	4516.14	3131	0	36
2026.03.26	06:00:00	4516.15	4519.19	4511.61	4517.98	3154	0	36
2026.03.26	06:15:00	4517.99	4522.18	4516.24	4522.08	2569	0	36
2026.03.26	06:30:00	4521.95	4522.36	4516.54	4518.26	2364	0	36
2026.03.26	06:45:00	4518.29	4524.28	4518.29	4520.13	3075	0	36
2026.03.26	07:00:00	4520.12	4522.23	4507.66	4509.50	3939	0	36
2026.03.26	07:15:00	4509.47	4511.29	4480.17	4489.21	4522	0	36
2026.03.26	07:30:00	4488.97	4495.83	4480.80	4484.07	5789	0	36
2026.03.26	07:45:00	4484.12	4484.12	4438.37	4443.64	6503	0	36
2026.03.26	08:00:00	4442.73	4450.64	4418.43	4422.57	6729	0	36
2026.03.26	08:15:00	4422.40	4441.38	4415.65	4437.83	6045	0	36
2026.03.26	08:30:00	4437.70	4448.50	4430.58	4447.96	5182	0	36
2026.03.26	08:45:00	4447.82	4459.39	4444.08	4456.13	5343	0	36
2026.03.26	09:00:00	4456.12	4460.38	4442.92	4448.75	4914	0	36
2026.03.26	09:15:00	4448.76	4452.35	4438.58	4452.35	4827	0	36
2026.03.26	09:30:00	4452.36	4463.86	4448.72	4461.80	4657	0	36
2026.03.26	09:45:00	4461.71	4462.96	4450.08	4452.22	4688	0	36
2026.03.26	10:00:00	4452.13	4459.25	4440.25	4442.22	5968	0	36
2026.03.26	10:15:00	4443.02	4447.37	4425.54	4429.22	5993	0	36
2026.03.26	10:30:00	4429.21	4438.22	4412.15	4422.69	5823	0	36
2026.03.26	10:45:00	4422.75	4439.89	4422.26	4424.58	5533	0	36
2026.03.26	11:00:00	4424.59	4434.76	4418.03	4428.77	5548	0	36
2026.03.26	11:15:00	4428.78	4436.78	4422.39	4423.58	4791	0	36
2026.03.26	11:30:00	4423.55	4431.49	4414.49	4423.51	5708	0	36
2026.03.26	11:45:00	4423.20	4427.71	4416.90	4424.18	4921	0	36
2026.03.26	12:00:00	4424.15	4429.15	4417.10	4428.21	4876	0	36
2026.03.26	12:15:00	4428.24	4447.87	4426.79	4440.90	4849	0	36
2026.03.26	12:30:00	4440.92	4444.15	4423.46	4426.51	5106	0	36
2026.03.26	12:45:00	4426.34	4447.26	4426.01	4446.25	5137	0	36
2026.03.26	13:00:00	4446.22	4448.53	4440.19	4442.58	4597	0	36
2026.03.26	13:15:00	4442.79	4456.67	4439.51	4443.02	4895	0	36
2026.03.26	13:30:00	4443.00	4451.87	4437.96	4441.82	4927	0	36
2026.03.26	13:45:00	4441.40	4442.49	4418.97	4424.06	5756	0	36
2026.03.26	14:00:00	4424.05	4445.69	4416.40	4441.59	6095	0	36
2026.03.26	14:15:00	4441.38	4445.14	4431.89	4434.01	5044	0	36
2026.03.26	14:30:00	4433.69	4444.87	4432.80	4437.22	5345	0	36
2026.03.26	14:45:00	4437.23	4443.09	4426.00	4435.33	5590	0	36
2026.03.26	15:00:00	4435.07	4445.42	4419.98	4435.48	6282	0	36
2026.03.26	15:15:00	4435.61	4453.32	4434.46	4445.85	5687	0	36
2026.03.26	15:30:00	4445.75	4459.83	4429.24	4459.81	7538	0	36
2026.03.26	15:45:00	4459.74	4460.60	4436.50	4449.99	7285	0	36
2026.03.26	16:00:00	4449.96	4454.64	4437.43	4448.08	7356	0	36
2026.03.26	16:15:00	4448.05	4470.17	4447.06	4458.95	6811	0	36
2026.03.26	16:30:00	4458.98	4479.35	4456.97	4463.10	7366	0	36
2026.03.26	16:45:00	4463.66	4469.44	4445.53	4467.66	7547	0	36
2026.03.26	17:00:00	4467.61	4468.93	4451.00	4455.75	6730	0	36
2026.03.26	17:15:00	4455.77	4458.41	4449.10	4452.13	6489	0	36
2026.03.26	17:30:00	4452.43	4452.43	4436.80	4441.27	6360	0	36
2026.03.26	17:45:00	4441.35	4446.74	4433.64	4437.11	6540	0	36
2026.03.26	18:00:00	4437.16	4442.64	4425.60	4437.84	5372	0	36
2026.03.26	18:15:00	4437.83	4438.27	4385.60	4389.40	7028	0	36
2026.03.26	18:30:00	4389.42	4393.50	4366.64	4383.18	7396	0	36
2026.03.26	18:45:00	4383.11	4392.51	4380.52	4388.69	6303	0	36
2026.03.26	19:00:00	4389.11	4402.29	4387.28	4395.02	6413	0	36
2026.03.26	19:15:00	4395.01	4397.61	4377.33	4386.38	6663	0	36
2026.03.26	19:30:00	4386.61	4393.08	4377.55	4385.86	5455	0	36
2026.03.26	19:45:00	4385.60	4391.04	4379.60	4384.42	5057	0	36
2026.03.26	20:00:00	4384.44	4390.66	4380.09	4386.77	5257	0	36
2026.03.26	20:15:00	4386.73	4386.93	4367.89	4376.12	5787	0	36
2026.03.26	20:30:00	4376.10	4395.51	4375.79	4392.26	5202	0	36
2026.03.26	20:45:00	4392.29	4399.32	4390.77	4399.06	4753	0	36
2026.03.26	21:00:00	4399.15	4399.36	4382.09	4390.77	4668	0	36
2026.03.26	21:15:00	4390.87	4392.29	4378.38	4383.02	4887	0	36
2026.03.26	21:30:00	4383.05	4388.29	4375.02	4377.68	4692	0	36
2026.03.26	21:45:00	4377.54	4379.96	4359.18	4363.00	5401	0	36
2026.03.26	22:00:00	4362.87	4413.87	4351.22	4393.41	5329	0	36
2026.03.26	22:15:00	4393.09	4415.92	4380.09	4402.19	6483	0	40
2026.03.26	22:30:00	4402.25	4420.89	4397.70	4408.38	4771	0	40
2026.03.26	22:45:00	4408.39	4408.64	4372.96	4381.66	5043	0	40
2026.03.26	23:45:00	4383.29	4385.27	4380.79	4382.05	65	0	43
2026.03.27	01:00:00	4412.49	4412.52	4389.98	4393.48	2514	0	36
2026.03.27	01:15:00	4393.47	4401.52	4392.36	4399.74	2076	0	36
2026.03.27	01:30:00	4399.73	4407.94	4395.94	4400.47	3106	0	36
2026.03.27	01:45:00	4400.72	4408.38	4396.43	4408.26	2167	0	36
2026.03.27	02:00:00	4408.12	4411.06	4403.32	4404.77	2943	0	36
2026.03.27	02:15:00	4404.76	4404.79	4382.72	4393.87	4333	0	36
2026.03.27	02:30:00	4393.85	4396.30	4386.99	4388.22	4200	0	36
2026.03.27	02:45:00	4388.28	4388.32	4375.10	4386.77	4619	0	36
2026.03.27	03:00:00	4386.82	4399.55	4380.53	4394.71	5449	0	36
2026.03.27	03:15:00	4394.86	4408.83	4391.18	4407.45	4892	0	36
2026.03.27	03:30:00	4407.43	4420.15	4403.48	4418.70	4870	0	36
2026.03.27	03:45:00	4418.72	4421.46	4411.97	4421.00	4590	0	36
2026.03.27	04:00:00	4420.95	4439.69	4420.51	4434.78	5043	0	36
2026.03.27	04:15:00	4434.83	4436.17	4425.33	4427.54	3690	0	36
2026.03.27	04:30:00	4427.71	4434.40	4425.05	4429.39	4631	0	36
2026.03.27	04:45:00	4429.40	4440.74	4428.10	4433.94	4255	0	36
2026.03.27	05:00:00	4433.95	4435.56	4420.93	4428.74	4265	0	36
2026.03.27	05:15:00	4428.73	4437.81	4428.00	4437.81	3972	0	36
2026.03.27	05:30:00	4437.97	4446.03	4430.84	4433.98	3811	0	36
2026.03.27	05:45:00	4434.01	4439.54	4432.74	4439.54	2629	0	36
2026.03.27	06:00:00	4439.61	4439.65	4432.33	4433.62	2585	0	36
2026.03.27	06:15:00	4433.60	4437.17	4431.47	4434.18	2402	0	36
2026.03.27	06:30:00	4434.17	4441.96	4434.02	4441.39	2079	0	36
2026.03.27	06:45:00	4441.53	4449.46	4440.48	4444.52	2813	0	36
2026.03.27	07:00:00	4444.51	4447.51	4441.91	4444.08	3064	0	36
2026.03.27	07:15:00	4444.09	4451.61	4440.30	4450.96	3059	0	36
2026.03.27	07:30:00	4450.97	4475.18	4447.04	4464.73	5731	0	36
2026.03.27	07:45:00	4464.71	4468.49	4453.40	4459.37	4680	0	36
2026.03.27	08:00:00	4459.36	4473.03	4451.76	4467.67	4803	0	36
2026.03.27	08:15:00	4467.70	4470.39	4456.71	4461.11	4413	0	36
2026.03.27	08:30:00	4461.04	4468.76	4460.39	4464.81	3926	0	36
2026.03.27	08:45:00	4464.82	4465.40	4454.31	4460.67	3974	0	36
2026.03.27	09:00:00	4461.66	4462.87	4447.74	4453.31	4086	0	34
2026.03.27	09:15:00	4453.30	4457.10	4450.06	4450.68	3629	0	34
2026.03.27	09:30:00	4450.66	4456.02	4446.59	4448.63	3903	0	34
2026.03.27	09:45:00	4448.65	4453.05	4442.83	4447.45	4068	0	34
2026.03.27	10:00:00	4447.11	4451.05	4442.93	4445.63	4745	0	34
2026.03.27	10:15:00	4445.60	4446.08	4430.54	4435.49	5003	0	34
2026.03.27	10:30:00	4435.48	4439.88	4429.02	4438.67	4817	0	34
2026.03.27	10:45:00	4438.65	4438.65	4423.77	4426.81	4628	0	34
2026.03.27	11:00:00	4427.38	4431.54	4420.68	4431.47	4844	0	34
2026.03.27	11:15:00	4431.54	4436.29	4429.15	4433.31	4734	0	34
2026.03.27	11:30:00	4433.24	4438.21	4430.16	4431.29	3990	0	34
2026.03.27	11:45:00	4431.28	4432.80	4426.85	4428.50	4104	0	34
2026.03.27	12:00:00	4428.51	4432.84	4424.02	4426.21	4317	0	34
2026.03.27	12:15:00	4426.27	4431.28	4423.65	4426.49	3495	0	34
2026.03.27	12:30:00	4426.47	4430.18	4412.36	4415.14	4374	0	34
2026.03.27	12:45:00	4415.15	4418.98	4410.92	4416.58	4759	0	34
2026.03.27	13:00:00	4416.57	4416.61	4403.99	4413.77	4796	0	34
2026.03.27	13:15:00	4413.78	4417.26	4407.68	4415.10	4306	0	34
2026.03.27	13:30:00	4415.09	4422.38	4413.57	4422.34	4013	0	34
2026.03.27	13:45:00	4422.39	4426.14	4415.68	4420.67	4355	0	34
2026.03.27	14:00:00	4420.68	4426.65	4412.74	4426.36	5014	0	34
2026.03.27	14:15:00	4426.35	4434.14	4416.94	4428.18	5041	0	34
2026.03.27	14:30:00	4428.19	4437.30	4424.69	4435.88	4734	0	34
2026.03.27	14:45:00	4435.87	4445.28	4434.96	4441.92	4853	0	34
2026.03.27	15:00:00	4441.93	4443.95	4423.74	4431.22	6107	0	34
2026.03.27	15:15:00	4431.26	4441.73	4418.40	4425.37	6083	0	34
2026.03.27	15:30:00	4425.44	4433.15	4413.43	4432.67	6932	0	34
2026.03.27	15:45:00	4432.54	4441.77	4421.04	4430.84	6273	0	34
2026.03.27	16:00:00	4430.82	4463.30	4430.81	4458.16	7143	0	34
2026.03.27	16:15:00	4458.21	4470.02	4452.17	4454.69	6898	0	34
2026.03.27	16:30:00	4454.71	4469.61	4451.72	4467.55	6587	0	34
2026.03.27	16:45:00	4467.60	4514.80	4465.06	4505.85	6875	0	34
2026.03.27	17:00:00	4505.65	4533.80	4501.73	4527.56	6917	0	34
2026.03.27	17:15:00	4527.53	4555.49	4520.94	4539.21	6992	0	34
2026.03.27	17:30:00	4539.20	4552.49	4526.33	4531.49	6707	0	34
2026.03.27	17:45:00	4531.70	4536.17	4520.34	4527.01	5867	0	34
2026.03.27	18:00:00	4527.00	4532.90	4517.95	4526.37	5727	0	34
2026.03.27	18:15:00	4526.45	4533.20	4525.58	4528.19	5375	0	34
2026.03.27	18:30:00	4528.07	4528.44	4505.58	4507.47	5657	0	34
2026.03.27	18:45:00	4507.51	4521.34	4507.51	4512.77	5353	0	34
2026.03.27	19:00:00	4512.79	4521.91	4506.16	4508.64	5934	0	34
2026.03.27	19:15:00	4508.61	4508.83	4486.51	4490.93	5975	0	34
2026.03.27	19:30:00	4490.82	4500.13	4486.16	4491.25	5714	0	34
2026.03.27	19:45:00	4491.18	4499.45	4486.09	4488.42	5081	0	34
2026.03.27	20:00:00	4488.43	4507.10	4488.39	4507.10	5046	0	34
2026.03.27	20:15:00	4507.06	4511.56	4502.72	4509.96	5869	0	34
2026.03.27	20:30:00	4509.94	4528.81	4509.61	4524.12	5321	0	34
2026.03.27	20:45:00	4524.15	4525.66	4513.55	4515.99	4319	0	34
2026.03.27	21:00:00	4515.98	4517.52	4507.27	4513.21	4601	0	34
2026.03.27	21:15:00	4513.22	4525.91	4510.89	4525.57	4371	0	34
2026.03.27	21:30:00	4525.50	4526.21	4500.75	4509.07	5105	0	34
2026.03.27	21:45:00	4508.88	4522.63	4503.24	4512.63	5621	0	34
2026.03.27	22:00:00	4512.61	4520.39	4506.65	4509.41	3314	0	34
2026.03.27	22:15:00	4509.44	4510.57	4504.27	4506.69	2924	0	40
2026.03.27	22:30:00	4506.70	4512.64	4498.49	4499.93	2698	0	40
2026.03.27	22:45:00	4499.89	4504.76	4491.01	4493.80	2517	0	40
2026.03.30	01:00:00	4483.32	4514.56	4467.98	4497.43	3395	0	40
2026.03.30	01:15:00	4497.41	4512.27	4490.22	4510.67	4012	0	34
2026.03.30	01:30:00	4510.72	4513.06	4490.68	4493.37	3435	0	34
2026.03.30	01:45:00	4493.35	4496.89	4480.00	4485.62	3461	0	34
2026.03.30	02:00:00	4485.49	4492.80	4465.22	4478.85	3808	0	34
2026.03.30	02:15:00	4478.81	4484.63	4472.14	4472.96	3454	0	34
2026.03.30	02:30:00	4472.95	4472.95	4445.63	4452.49	4979	0	34
2026.03.30	02:45:00	4452.48	4455.89	4443.83	4449.86	4902	0	34
2026.03.30	03:00:00	4449.42	4449.79	4419.71	4426.59	5769	0	34
2026.03.30	03:15:00	4426.55	4466.65	4422.79	4449.59	6470	0	34
2026.03.30	03:30:00	4449.61	4459.02	4435.26	4438.31	5514	0	34
2026.03.30	03:45:00	4438.35	4442.59	4430.39	4434.05	4865	0	34
2026.03.30	04:00:00	4434.56	4461.66	4432.59	4457.45	6403	0	34
2026.03.30	04:15:00	4457.46	4466.27	4445.48	4447.01	6025	0	34
2026.03.30	04:30:00	4446.66	4475.62	4445.10	4471.03	6023	0	34
2026.03.30	04:45:00	4471.04	4475.01	4461.53	4468.45	5159	0	34
2026.03.30	05:00:00	4468.52	4474.20	4465.25	4472.79	5185	0	34
2026.03.30	05:15:00	4472.68	4474.05	4466.29	4471.87	4050	0	34
2026.03.30	05:30:00	4471.93	4499.23	4458.62	4493.83	5609	0	34
2026.03.30	05:45:00	4493.84	4496.20	4478.61	4479.40	5153	0	34
2026.03.30	06:00:00	4479.35	4508.68	4478.67	4504.36	5521	0	34
2026.03.30	06:15:00	4504.56	4517.36	4503.71	4507.07	5023	0	34
2026.03.30	06:30:00	4507.06	4507.59	4499.60	4503.35	3507	0	34
2026.03.30	06:45:00	4503.36	4507.37	4494.29	4496.44	3414	0	34
2026.03.30	07:00:00	4496.45	4498.58	4486.65	4487.54	3726	0	34
2026.03.30	07:15:00	4487.58	4495.29	4487.20	4490.95	2998	0	34
2026.03.30	07:30:00	4490.82	4491.14	4486.04	4488.11	2744	0	34
2026.03.30	07:45:00	4488.18	4498.56	4486.79	4497.15	2921	0	34
2026.03.30	08:00:00	4497.16	4507.92	4496.74	4504.96	3782	0	34
2026.03.30	08:15:00	4504.94	4515.99	4503.82	4504.05	3731	0	34
2026.03.30	08:30:00	4504.19	4515.11	4503.15	4510.98	4888	0	34
2026.03.30	08:45:00	4510.96	4528.31	4509.88	4518.60	4807	0	34
2026.03.30	09:00:00	4518.68	4534.29	4516.94	4531.67	4838	0	34
2026.03.30	09:15:00	4531.82	4535.23	4526.76	4528.73	4764	0	34
2026.03.30	09:30:00	4528.72	4542.08	4526.25	4540.71	4536	0	34
2026.03.30	09:45:00	4540.66	4550.60	4530.60	4531.41	4915	0	34
2026.03.30	10:00:00	4531.49	4534.55	4523.62	4534.35	4977	0	34
2026.03.30	10:15:00	4534.36	4534.72	4520.72	4524.23	4858	0	34
2026.03.30	10:30:00	4524.25	4525.95	4515.53	4521.86	4806	0	34
2026.03.30	10:45:00	4521.85	4528.02	4519.15	4525.67	4115	0	34
2026.03.30	11:00:00	4525.65	4537.12	4524.93	4533.98	4554	0	34
2026.03.30	11:15:00	4533.96	4535.95	4525.95	4528.59	4030	0	34
2026.03.30	11:30:00	4528.61	4538.26	4528.61	4532.80	3638	0	34
2026.03.30	11:45:00	4532.82	4540.66	4532.59	4538.46	3563	0	34
2026.03.30	12:00:00	4538.42	4540.82	4528.11	4528.44	3912	0	34
2026.03.30	12:15:00	4528.49	4536.73	4523.61	4527.63	4512	0	34
2026.03.30	12:30:00	4527.66	4538.35	4523.74	4536.67	4239	0	34
2026.03.30	12:45:00	4536.70	4538.46	4528.81	4532.88	3850	0	34
2026.03.30	13:00:00	4532.89	4536.46	4529.26	4533.22	3704	0	34
2026.03.30	13:15:00	4533.24	4540.31	4527.71	4530.90	3992	0	34
2026.03.30	13:30:00	4530.92	4534.12	4527.89	4534.08	3514	0	34
2026.03.30	13:45:00	4534.07	4535.46	4528.73	4533.47	3506	0	34
2026.03.30	14:00:00	4533.49	4540.71	4525.40	4538.64	4223	0	34
2026.03.30	14:15:00	4538.54	4547.84	4535.03	4544.10	4948	0	34
2026.03.30	14:30:00	4544.04	4566.87	4538.67	4566.27	5818	0	34
2026.03.30	14:45:00	4566.34	4580.51	4555.92	4559.11	5737	0	34
2026.03.30	15:00:00	4559.08	4561.44	4545.23	4556.35	5151	0	34
2026.03.30	15:15:00	4556.36	4568.25	4555.96	4565.13	4902	0	34
2026.03.30	15:30:00	4565.22	4578.08	4564.27	4573.60	4697	0	34
2026.03.30	15:45:00	4573.53	4573.84	4563.65	4573.40	4675	0	34
2026.03.30	16:00:00	4573.36	4578.75	4561.45	4565.70	5777	0	34
2026.03.30	16:15:00	4565.74	4571.34	4558.93	4568.16	5231	0	34
2026.03.30	16:30:00	4568.32	4573.85	4540.48	4541.87	7378	0	34
2026.03.30	16:45:00	4541.89	4547.94	4516.74	4524.60	7142	0	34
2026.03.30	17:00:00	4524.63	4535.57	4517.92	4534.33	6751	0	34
2026.03.30	17:15:00	4534.35	4534.43	4511.85	4517.96	6621	0	34
2026.03.30	17:30:00	4518.00	4533.52	4517.96	4523.18	6513	0	34
2026.03.30	17:45:00	4523.20	4541.41	4521.05	4541.06	6840	0	34
2026.03.30	18:00:00	4541.20	4543.48	4531.97	4533.26	6084	0	34
2026.03.30	18:15:00	4533.27	4533.88	4524.76	4532.25	5924	0	34
2026.03.30	18:30:00	4532.16	4553.90	4527.29	4551.68	5420	0	34
2026.03.30	18:45:00	4551.69	4556.70	4545.14	4549.40	5832	0	34
2026.03.30	19:00:00	4549.34	4549.34	4537.98	4544.18	5662	0	34
2026.03.30	19:15:00	4544.29	4548.78	4535.29	4536.06	5322	0	34
2026.03.30	19:30:00	4536.02	4548.53	4531.98	4547.95	4322	0	34
2026.03.30	19:45:00	4547.88	4548.80	4536.47	4540.26	4851	0	34
2026.03.30	20:00:00	4540.27	4542.12	4519.56	4524.13	5294	0	34
2026.03.30	20:15:00	4524.12	4530.44	4520.13	4524.58	5225	0	34
2026.03.30	20:30:00	4524.90	4527.07	4514.65	4524.65	5432	0	34
2026.03.30	20:45:00	4524.64	4528.56	4511.21	4515.30	5050	0	34
2026.03.30	21:00:00	4515.34	4523.15	4513.11	4519.25	4863	0	34
2026.03.30	21:15:00	4519.24	4521.34	4511.24	4513.87	4773	0	34
2026.03.30	21:30:00	4513.91	4519.43	4512.32	4516.18	3945	0	34
2026.03.30	21:45:00	4516.16	4518.68	4497.65	4498.42	4617	0	34
2026.03.30	22:00:00	4498.40	4504.88	4493.39	4497.46	5791	0	34
2026.03.30	22:15:00	4497.62	4504.20	4492.97	4502.90	5166	0	34
2026.03.30	22:30:00	4502.95	4512.95	4498.04	4504.88	5254	0	34
2026.03.30	22:45:00	4504.92	4518.33	4504.56	4515.08	4896	0	34
2026.03.30	23:00:00	4515.07	4516.55	4505.33	4508.36	3471	0	34
2026.03.30	23:15:00	4508.35	4509.89	4501.96	4506.48	2513	0	41
2026.03.30	23:30:00	4506.42	4506.91	4500.83	4503.58	1925	0	40
2026.03.30	23:45:00	4503.57	4511.30	4502.40	4511.22	1567	0	40
2026.03.31	01:00:00	4513.93	4523.59	4507.58	4509.11	2256	0	40
2026.03.31	01:15:00	4509.09	4515.29	4502.10	4515.29	2168	0	34
2026.03.31	01:30:00	4515.26	4518.77	4508.37	4508.69	1922	0	34
2026.03.31	01:45:00	4508.68	4515.12	4508.64	4508.92	1974	0	34
2026.03.31	02:00:00	4507.05	4508.70	4491.93	4498.04	4186	0	34
2026.03.31	02:15:00	4498.00	4510.06	4498.00	4503.99	3104	0	34
2026.03.31	02:30:00	4504.21	4519.89	4503.60	4519.40	3066	0	34
2026.03.31	02:45:00	4519.21	4521.34	4507.71	4511.74	3271	0	34
2026.03.31	03:00:00	4511.73	4528.29	4510.61	4518.12	5030	0	34
2026.03.31	03:15:00	4518.11	4518.11	4482.47	4511.85	5646	0	34
2026.03.31	03:30:00	4511.82	4541.16	4506.51	4540.05	5577	0	34
2026.03.31	03:45:00	4540.01	4549.71	4535.16	4546.99	6370	0	34
2026.03.31	04:00:00	4546.68	4550.87	4532.05	4543.78	6259	0	34
2026.03.31	04:15:00	4543.76	4586.00	4543.69	4583.34	6418	0	34
2026.03.31	04:30:00	4583.39	4619.34	4577.64	4616.94	6589	0	34
2026.03.31	04:45:00	4616.82	4616.88	4596.17	4604.16	6351	0	34
2026.03.31	05:00:00	4604.14	4604.28	4588.74	4591.23	5438	0	34
2026.03.31	05:15:00	4591.58	4592.72	4578.59	4582.25	4962	0	34
2026.03.31	05:30:00	4582.34	4588.34	4578.71	4585.48	5130	0	34
2026.03.31	05:45:00	4585.54	4587.96	4565.64	4567.49	5702	0	34
2026.03.31	06:00:00	4567.17	4576.97	4566.07	4570.14	5010	0	34
2026.03.31	06:15:00	4570.01	4571.06	4555.48	4562.98	4496	0	34
2026.03.31	06:30:00	4562.99	4565.80	4550.35	4551.83	3811	0	34
2026.03.31	06:45:00	4551.82	4557.56	4550.05	4557.52	3514	0	34
2026.03.31	07:00:00	4557.51	4566.21	4557.08	4557.77	3227	0	34
2026.03.31	07:15:00	4557.78	4569.47	4557.13	4561.61	3362	0	34
2026.03.31	07:30:00	4561.54	4565.16	4560.08	4563.95	3052	0	34
2026.03.31	07:45:00	4564.03	4568.93	4560.80	4564.97	3526	0	34
2026.03.31	08:00:00	4564.96	4570.70	4547.45	4552.02	4140	0	34
2026.03.31	08:15:00	4552.00	4567.94	4550.01	4562.67	3571	0	34
2026.03.31	08:30:00	4562.18	4579.79	4558.67	4577.36	4984	0	34
2026.03.31	08:45:00	4577.39	4581.90	4566.58	4568.00	4720	0	34
2026.03.31	09:00:00	4567.95	4567.97	4556.26	4558.76	4983	0	34
2026.03.31	09:15:00	4558.75	4564.53	4553.19	4560.32	5088	0	34
2026.03.31	09:30:00	4560.33	4565.69	4556.03	4560.03	4568	0	34
2026.03.31	09:45:00	4559.83	4561.58	4554.23	4557.79	4035	0	34
2026.03.31	10:00:00	4557.78	4563.85	4549.96	4552.80	4650	0	34
2026.03.31	10:15:00	4552.79	4556.43	4543.08	4553.24	4408	0	34
2026.03.31	10:30:00	4553.23	4561.34	4551.62	4560.14	4047	0	34
2026.03.31	10:45:00	4560.23	4566.04	4556.85	4565.85	3878	0	34
2026.03.31	11:00:00	4565.87	4573.27	4560.39	4565.83	4823	0	34
2026.03.31	11:15:00	4565.82	4572.67	4564.65	4571.52	4282	0	34
2026.03.31	11:30:00	4571.77	4575.04	4567.50	4570.97	4094	0	34
2026.03.31	11:45:00	4570.98	4574.17	4566.89	4567.22	4046	0	34
2026.03.31	12:00:00	4567.23	4572.30	4563.14	4567.65	3853	0	34
2026.03.31	12:15:00	4567.58	4570.42	4561.40	4561.53	3896	0	34
2026.03.31	12:30:00	4561.56	4561.56	4550.13	4555.90	4659	0	34
2026.03.31	12:45:00	4555.89	4562.21	4551.45	4555.41	3903	0	34
2026.03.31	13:00:00	4555.45	4561.84	4555.22	4556.36	3717	0	34
2026.03.31	13:15:00	4556.34	4561.04	4555.98	4559.70	3247	0	34
2026.03.31	13:30:00	4559.65	4560.71	4529.36	4540.26	4769	0	34
2026.03.31	13:45:00	4540.30	4552.96	4540.24	4549.83	4424	0	34
2026.03.31	14:00:00	4549.82	4562.73	4541.02	4549.59	5054	0	34
2026.03.31	14:15:00	4549.68	4583.42	4549.68	4573.17	6232	0	34
2026.03.31	14:30:00	4573.50	4592.90	4568.87	4591.62	5672	0	34
2026.03.31	14:45:00	4591.23	4592.88	4575.92	4582.60	5598	0	34
2026.03.31	15:00:00	4582.57	4597.29	4573.87	4574.59	6089	0	34
2026.03.31	15:15:00	4574.55	4582.96	4571.35	4578.10	6299	0	34
2026.03.31	15:30:00	4578.16	4589.67	4577.46	4578.47	5318	0	34
2026.03.31	15:45:00	4578.44	4581.34	4569.25	4578.45	5031	0	34
2026.03.31	16:00:00	4578.46	4583.46	4567.74	4580.84	6086	0	34
2026.03.31	16:15:00	4580.82	4587.89	4572.69	4575.18	5145	0	34
2026.03.31	16:30:00	4575.14	4589.42	4568.47	4589.06	6682	0	34
2026.03.31	16:45:00	4589.01	4611.23	4585.16	4608.66	6613	0	34
2026.03.31	17:00:00	4608.63	4625.15	4603.71	4612.97	7185	0	34
2026.03.31	17:15:00	4613.07	4619.93	4602.94	4619.07	7157	0	34
2026.03.31	17:30:00	4618.99	4630.08	4604.28	4607.97	7081	0	34
2026.03.31	17:45:00	4607.95	4611.24	4595.03	4599.60	7021	0	34
2026.03.31	18:00:00	4599.67	4623.99	4599.57	4622.49	6509	0	34
2026.03.31	18:15:00	4622.56	4625.37	4607.96	4608.40	6367	0	34
2026.03.31	18:30:00	4608.27	4621.98	4607.14	4621.98	6126	0	34
2026.03.31	18:45:00	4621.97	4623.82	4608.01	4608.57	6287	0	34
2026.03.31	19:00:00	4608.56	4619.96	4606.69	4612.26	5741	0	34
2026.03.31	19:15:00	4612.68	4618.66	4609.20	4618.20	4990	0	34
2026.03.31	19:30:00	4618.22	4651.39	4615.06	4638.66	6453	0	34
2026.03.31	19:45:00	4639.27	4650.22	4630.93	4640.82	7911	0	34
2026.03.31	20:00:00	4640.79	4655.53	4636.49	4642.60	7371	0	34
2026.03.31	20:15:00	4642.48	4658.09	4640.74	4649.32	6701	0	34
2026.03.31	20:30:00	4649.14	4663.77	4645.31	4660.24	6973	0	34
2026.03.31	20:45:00	4660.22	4667.22	4653.31	4654.75	6420	0	34
2026.03.31	21:00:00	4654.90	4668.78	4653.51	4665.36	5833	0	34
2026.03.31	21:15:00	4665.37	4668.79	4659.88	4666.38	5571	0	34
2026.03.31	21:30:00	4666.37	4671.04	4659.89	4669.40	5437	0	34
2026.03.31	21:45:00	4669.41	4673.07	4663.39	4673.06	4743	0	34
2026.03.31	22:00:00	4672.93	4676.05	4661.64	4673.33	5583	0	34
2026.03.31	22:15:00	4673.32	4681.11	4668.82	4672.23	5070	0	34
2026.03.31	22:30:00	4672.27	4683.48	4672.27	4680.61	4875	0	34
2026.03.31	22:45:00	4680.80	4685.61	4679.48	4683.08	5114	0	34
2026.03.31	23:00:00	4683.06	4687.15	4676.16	4679.59	4099	0	34
2026.03.31	23:15:00	4679.62	4681.91	4668.97	4669.91	2784	0	40
2026.03.31	23:30:00	4669.87	4675.30	4666.96	4668.28	2392	0	40
2026.03.31	23:45:00	4668.26	4670.34	4664.65	4668.90	2304	0	40
2026.04.01	01:00:00	4674.25	4682.02	4662.78	4669.47	2748	0	40
2026.04.01	01:15:00	4669.58	4686.67	4663.12	4674.81	3363	0	34
2026.04.01	01:30:00	4674.82	4696.20	4670.98	4682.68	3729	0	34
2026.04.01	01:45:00	4682.69	4686.89	4661.66	4679.46	4151	0	34
2026.04.01	02:00:00	4679.48	4682.52	4672.84	4675.84	2823	0	34
2026.04.01	02:15:00	4675.85	4685.84	4671.82	4685.76	3093	0	34
2026.04.01	02:30:00	4685.75	4695.05	4683.34	4690.02	3355	0	34
2026.04.01	02:45:00	4689.96	4700.14	4688.41	4696.95	3859	0	34
2026.04.01	03:00:00	4697.00	4705.42	4693.33	4704.02	4836	0	34
2026.04.01	03:15:00	4703.75	4722.32	4702.67	4721.61	5182	0	34
2026.04.01	03:30:00	4721.55	4722.02	4699.81	4706.05	4294	0	34
2026.04.01	03:45:00	4706.00	4719.15	4704.43	4717.88	4544	0	34
2026.04.01	04:00:00	4717.87	4724.19	4689.58	4705.10	6381	0	34
2026.04.01	04:15:00	4705.07	4708.56	4692.56	4705.76	5708	0	34
2026.04.01	04:30:00	4705.74	4706.79	4681.40	4688.69	5441	0	34
2026.04.01	04:45:00	4688.67	4697.10	4686.21	4694.73	5249	0	34
2026.04.01	05:00:00	4694.70	4700.45	4686.93	4693.33	4935	0	34
2026.04.01	05:15:00	4693.31	4697.76	4683.32	4684.91	3586	0	34
2026.04.01	05:30:00	4684.95	4690.29	4678.18	4681.38	4433	0	34
2026.04.01	05:45:00	4681.39	4689.59	4678.44	4684.86	4164	0	34
2026.04.01	06:00:00	4684.87	4692.66	4682.69	4687.85	3875	0	34
2026.04.01	06:15:00	4687.84	4694.15	4684.43	4686.62	3313	0	34
2026.04.01	06:30:00	4686.63	4688.76	4683.17	4687.14	2794	0	34
2026.04.01	06:45:00	4687.17	4688.75	4679.56	4681.48	2840	0	34
2026.04.01	07:00:00	4681.47	4681.98	4672.55	4673.32	2645	0	34
2026.04.01	07:15:00	4673.35	4673.42	4666.75	4671.89	3206	0	34
2026.04.01	07:30:00	4671.87	4677.11	4668.86	4676.62	2848	0	34
2026.04.01	07:45:00	4676.59	4681.70	4672.89	4677.12	2429	0	34
2026.04.01	08:00:00	4676.86	4684.69	4674.82	4683.31	2800	0	34
2026.04.01	08:15:00	4683.28	4690.11	4680.43	4689.18	3634	0	34
2026.04.01	08:30:00	4689.27	4703.50	4688.79	4702.74	4401	0	34
2026.04.01	08:45:00	4702.72	4703.34	4683.75	4685.90	4246	0	34
2026.04.01	09:00:00	4685.86	4698.42	4682.52	4698.41	4501	0	34
2026.04.01	09:15:00	4698.42	4711.84	4692.73	4711.82	4692	0	34
2026.04.01	09:30:00	4712.00	4712.68	4702.35	4712.57	4851	0	34
2026.04.01	09:45:00	4712.55	4733.28	4712.29	4729.46	5385	0	34
2026.04.01	10:00:00	4729.41	4730.14	4713.40	4713.57	5061	0	34
2026.04.01	10:15:00	4713.80	4725.70	4713.00	4722.25	4379	0	34
2026.04.01	10:30:00	4722.23	4747.64	4722.11	4729.57	5083	0	34
2026.04.01	10:45:00	4729.58	4732.71	4709.17	4711.59	5765	0	34
2026.04.01	11:00:00	4711.46	4726.24	4710.98	4717.06	5012	0	34
2026.04.01	11:15:00	4717.34	4735.90	4717.28	4727.19	4234	0	34
2026.04.01	11:30:00	4727.18	4740.51	4726.09	4731.42	4131	0	34
2026.04.01	11:45:00	4731.47	4732.43	4726.58	4726.82	3684	0	34
2026.04.01	12:00:00	4726.81	4730.19	4717.80	4718.76	3746	0	34
2026.04.01	12:15:00	4718.75	4724.06	4713.76	4721.27	3915	0	34
2026.04.01	12:30:00	4721.29	4722.63	4712.55	4720.32	3769	0	34
2026.04.01	12:45:00	4720.33	4727.84	4719.11	4723.32	4200	0	34
2026.04.01	13:00:00	4723.35	4724.66	4715.12	4715.82	3583	0	34
2026.04.01	13:15:00	4715.79	4729.22	4715.44	4729.11	3590	0	34
2026.04.01	13:30:00	4729.10	4736.10	4726.11	4735.15	3389	0	34
2026.04.01	13:45:00	4735.14	4738.70	4728.10	4731.28	3651	0	34
2026.04.01	14:00:00	4731.36	4740.17	4728.24	4739.28	3728	0	34
2026.04.01	14:15:00	4739.27	4746.29	4736.54	4745.71	3414	0	34
2026.04.01	14:30:00	4745.72	4763.23	4745.72	4758.40	4678	0	34
2026.04.01	14:45:00	4758.68	4761.28	4751.55	4752.11	4368	0	34
2026.04.01	15:00:00	4752.09	4753.34	4739.37	4743.78	4176	0	34
2026.04.01	15:15:00	4743.77	4745.46	4724.57	4734.52	5175	0	34
2026.04.01	15:30:00	4734.56	4753.60	4732.08	4744.90	4980	0	34
2026.04.01	15:45:00	4745.54	4747.92	4717.87	4721.47	6779	0	34
2026.04.01	16:00:00	4721.30	4733.59	4716.02	4732.72	6120	0	34
2026.04.01	16:15:00	4732.80	4742.23	4730.72	4734.45	5279	0	34
2026.04.01	16:30:00	4734.77	4749.66	4730.70	4745.34	7045	0	34
2026.04.01	16:45:00	4745.00	4748.46	4732.08	4734.79	6499	0	34
2026.04.01	17:00:00	4734.80	4746.86	4723.89	4745.40	6801	0	34
2026.04.01	17:15:00	4745.31	4754.91	4730.40	4742.39	6585	0	34
2026.04.01	17:30:00	4742.56	4756.49	4735.13	4754.90	6556	0	34
2026.04.01	17:45:00	4754.59	4768.83	4752.65	4760.98	6023	0	34
2026.04.01	18:00:00	4760.94	4774.95	4758.39	4767.54	5829	0	34
2026.04.01	18:15:00	4767.43	4776.06	4762.42	4772.20	6240	0	34
2026.04.01	18:30:00	4772.17	4787.01	4769.85	4786.75	6547	0	34
2026.04.01	18:45:00	4786.81	4788.23	4782.41	4786.83	5137	0	34
2026.04.01	19:00:00	4786.81	4790.77	4774.39	4776.30	5373	0	34
2026.04.01	19:15:00	4776.27	4783.52	4774.62	4776.29	4754	0	34
2026.04.01	19:30:00	4776.28	4784.81	4775.23	4784.32	4357	0	34
2026.04.01	19:45:00	4784.26	4788.56	4781.81	4786.87	3473	0	34
2026.04.01	20:00:00	4786.89	4793.01	4786.54	4788.74	4060	0	34
2026.04.01	20:15:00	4788.73	4789.66	4782.44	4784.50	4619	0	34
2026.04.01	20:30:00	4784.51	4786.14	4775.64	4783.02	4348	0	34
2026.04.01	20:45:00	4783.01	4783.32	4772.53	4773.43	3951	0	34
2026.04.01	21:00:00	4773.44	4775.06	4759.59	4770.19	5592	0	34
2026.04.01	21:15:00	4770.14	4770.39	4753.34	4756.25	5929	0	34
2026.04.01	21:30:00	4756.26	4766.03	4741.70	4757.54	6006	0	34
2026.04.01	21:45:00	4757.48	4758.36	4751.01	4752.11	5274	0	34
2026.04.01	22:00:00	4752.20	4765.13	4751.91	4760.07	5008	0	34
2026.04.01	22:15:00	4759.27	4768.92	4758.58	4766.58	4213	0	34
2026.04.01	22:30:00	4766.59	4778.14	4763.05	4769.03	4417	0	34
2026.04.01	22:45:00	4769.20	4771.93	4758.09	4767.90	5440	0	34
2026.04.01	23:00:00	4767.93	4769.71	4762.64	4769.71	2643	0	34
2026.04.01	23:15:00	4769.73	4771.14	4760.96	4761.74	2024	0	44
2026.04.01	23:30:00	4761.80	4763.68	4754.24	4759.68	2372	0	40
2026.04.01	23:45:00	4759.69	4763.49	4756.42	4758.74	1669	0	40
2026.04.02	01:00:00	4758.64	4763.21	4756.56	4761.80	340	0	45
2026.04.02	01:15:00	4763.16	4775.01	4759.05	4773.29	1225	0	39
2026.04.02	01:30:00	4773.31	4781.46	4770.71	4778.14	2687	0	37
2026.04.02	01:45:00	4778.11	4782.32	4774.98	4776.00	1755	0	39
2026.04.02	02:00:00	4776.03	4795.91	4773.60	4790.83	2198	0	37
2026.04.02	02:15:00	4790.76	4798.76	4788.56	4798.63	2397	0	34
2026.04.02	02:30:00	4798.64	4800.35	4788.15	4788.15	2106	0	34
2026.04.02	02:45:00	4788.10	4788.10	4778.13	4781.08	2641	0	34
2026.04.02	03:00:00	4781.15	4793.38	4775.11	4791.38	3495	0	34
2026.04.02	03:15:00	4791.40	4798.65	4787.93	4788.70	3005	0	34
2026.04.02	03:30:00	4788.69	4796.00	4784.42	4785.31	3389	0	34
2026.04.02	03:45:00	4785.25	4791.75	4777.10	4777.46	3587	0	34
2026.04.02	04:00:00	4777.42	4780.35	4724.43	4745.52	7669	0	39
2026.04.02	04:15:00	4745.78	4752.69	4686.99	4696.09	8165	0	39
2026.04.02	04:30:00	4696.19	4708.19	4650.96	4691.83	7631	0	36
2026.04.02	04:45:00	4691.76	4711.71	4685.06	4694.00	6580	0	36
2026.04.02	05:00:00	4693.76	4704.10	4678.51	4702.55	6790	0	39
2026.04.02	05:15:00	4702.50	4702.96	4685.53	4686.60	4178	0	34
2026.04.02	05:30:00	4686.58	4688.82	4655.19	4682.54	6374	0	34
2026.04.02	05:45:00	4682.48	4689.40	4673.17	4682.63	4883	0	34
2026.04.02	06:00:00	4682.62	4691.51	4677.69	4690.13	3900	0	35
2026.04.02	06:15:00	4690.14	4699.28	4686.89	4686.89	3318	0	39
2026.04.02	06:30:00	4686.82	4692.43	4683.32	4687.27	2507	0	37
2026.04.02	06:45:00	4687.25	4687.35	4675.69	4681.22	2163	0	34
2026.04.02	07:00:00	4681.19	4681.42	4664.53	4669.68	2570	0	34
2026.04.02	07:15:00	4669.58	4672.21	4662.17	4664.71	2138	0	34
2026.04.02	07:30:00	4664.70	4669.62	4658.15	4658.82	2411	0	34
2026.04.02	07:45:00	4658.80	4674.51	4657.14	4674.51	2101	0	34
2026.04.02	08:00:00	4674.63	4675.11	4666.34	4672.17	2152	0	36
2026.04.02	08:15:00	4672.28	4680.40	4669.22	4673.11	2518	0	34
2026.04.02	08:30:00	4673.34	4674.67	4628.98	4629.70	6152	0	39
2026.04.02	08:45:00	4629.72	4630.39	4586.07	4592.33	6763	0	34
2026.04.02	09:00:00	4592.29	4596.58	4553.93	4585.61	6865	0	34
2026.04.02	09:15:00	4585.62	4598.81	4574.13	4587.13	5142	0	34
2026.04.02	09:30:00	4587.15	4598.35	4581.51	4585.61	4740	0	34
2026.04.02	09:45:00	4585.58	4608.58	4583.82	4600.06	4613	0	34
2026.04.02	10:00:00	4599.88	4622.16	4597.18	4619.64	3840	0	34
2026.04.02	10:15:00	4619.43	4627.44	4617.62	4620.67	3497	0	34
2026.04.02	10:30:00	4620.71	4641.29	4620.67	4637.95	3253	0	34
2026.04.02	10:45:00	4637.92	4651.01	4635.88	4645.84	3176	0	34
2026.04.02	11:00:00	4645.79	4648.64	4628.90	4639.48	4014	0	34
2026.04.02	11:15:00	4639.41	4644.43	4631.41	4632.01	2756	0	34
2026.04.02	11:30:00	4631.98	4643.74	4629.76	4630.37	2693	0	34
2026.04.02	11:45:00	4630.50	4634.37	4616.85	4624.01	3321	0	34
2026.04.02	12:00:00	4623.99	4625.25	4613.07	4622.63	2939	0	34
2026.04.02	12:15:00	4622.89	4631.88	4617.20	4618.22	3103	0	34
2026.04.02	12:30:00	4618.16	4625.27	4615.53	4620.31	2780	0	34
2026.04.02	12:45:00	4620.27	4628.33	4617.68	4620.65	2948	0	34
2026.04.02	13:00:00	4620.50	4635.00	4618.49	4626.23	2912	0	34
2026.04.02	13:15:00	4626.29	4626.81	4603.66	4619.30	3464	0	34
2026.04.02	13:30:00	4618.74	4631.53	4613.46	4624.39	3323	0	34
2026.04.02	13:45:00	4624.38	4629.51	4619.69	4621.99	3199	0	34
2026.04.02	14:00:00	4622.06	4629.79	4616.70	4627.70	3425	0	36
2026.04.02	14:15:00	4627.69	4630.54	4608.88	4615.03	3303	0	37
2026.04.02	14:30:00	4615.01	4617.62	4592.66	4599.88	4296	0	37
2026.04.02	14:45:00	4599.89	4611.92	4596.34	4598.16	4108	0	34
2026.04.02	15:00:00	4598.15	4615.02	4594.53	4612.93	4918	0	34
2026.04.02	15:15:00	4612.89	4630.19	4609.61	4626.47	4303	0	34
2026.04.02	15:30:00	4626.39	4626.39	4615.69	4618.55	3989	0	34
2026.04.02	15:45:00	4618.60	4626.37	4585.72	4590.14	4833	0	34
2026.04.02	16:00:00	4590.07	4613.91	4580.59	4591.09	6793	0	38
2026.04.02	16:15:00	4591.06	4602.38	4580.90	4601.57	6308	0	37
2026.04.02	16:30:00	4601.90	4607.67	4585.87	4602.35	7994	0	37
2026.04.02	16:45:00	4602.36	4651.30	4600.83	4649.76	7575	0	34
2026.04.02	17:00:00	4649.75	4659.53	4631.56	4646.91	7489	0	34
2026.04.02	17:15:00	4647.20	4675.98	4646.75	4665.92	7479	0	34
2026.04.02	17:30:00	4665.90	4699.41	4658.99	4690.06	8036	0	35
2026.04.02	17:45:00	4690.27	4693.17	4672.42	4680.58	7725	0	34
2026.04.02	18:00:00	4680.74	4682.26	4667.51	4676.06	7315	0	34
2026.04.02	18:15:00	4676.08	4681.84	4658.31	4671.53	6670	0	34
2026.04.02	18:30:00	4671.60	4675.94	4662.15	4662.67	6340	0	36
2026.04.02	18:45:00	4662.68	4665.55	4652.64	4663.01	5903	0	34
2026.04.02	19:00:00	4663.20	4668.36	4648.27	4653.80	5383	0	34
2026.04.02	19:15:00	4653.96	4656.89	4642.79	4651.62	5246	0	34
2026.04.02	19:30:00	4651.77	4670.07	4651.23	4659.44	5632	0	34
2026.04.02	19:45:00	4659.59	4670.59	4656.80	4658.70	4547	0	34
2026.04.02	20:00:00	4658.72	4668.30	4656.28	4663.13	4649	0	34
2026.04.02	20:15:00	4663.14	4665.76	4649.39	4651.29	4507	0	34
2026.04.02	20:30:00	4651.38	4658.68	4646.12	4658.18	4088	0	34
2026.04.02	20:45:00	4658.17	4658.17	4645.74	4651.86	4257	0	34
2026.04.02	21:00:00	4651.82	4658.80	4647.33	4653.66	3694	0	34
2026.04.02	21:15:00	4653.69	4656.67	4649.98	4655.18	4012	0	34
2026.04.02	21:30:00	4655.19	4663.45	4654.48	4662.28	3548	0	34
2026.04.02	21:45:00	4662.29	4672.08	4662.22	4671.67	3422	0	34
2026.04.02	22:00:00	4671.64	4681.82	4669.39	4673.99	3279	0	34
2026.04.02	22:15:00	4674.01	4677.90	4663.67	4663.83	4247	0	34
2026.04.02	22:30:00	4663.87	4668.23	4661.54	4667.11	3231	0	34
2026.04.02	22:45:00	4667.24	4676.49	4665.70	4673.48	3802	0	34
2026.04.02	23:00:00	4673.40	4676.68	4671.62	4674.13	1767	0	38
2026.04.02	23:15:00	4674.11	4674.27	4664.35	4669.34	1694	0	43
2026.04.02	23:30:00	4669.57	4673.19	4667.70	4667.88	1164	0	43
2026.04.02	23:45:00	4667.87	4679.04	4666.65	4678.44	2160	0	45
2026.04.06	01:00:00	4675.32	4675.32	4614.02	4633.46	5422	0	45
2026.04.06	01:15:00	4633.36	4642.10	4629.59	4635.59	3442	0	36
2026.04.06	01:30:00	4635.57	4645.87	4632.04	4642.04	2691	0	39
2026.04.06	01:45:00	4642.42	4653.91	4608.39	4645.90	4888	0	39
2026.04.06	02:00:00	4645.93	4651.13	4627.09	4632.55	3371	0	38
2026.04.06	02:15:00	4632.49	4634.01	4609.38	4610.55	2722	0	39
2026.04.06	02:30:00	4610.56	4617.05	4605.17	4608.19	3102	0	39
2026.04.06	02:45:00	4608.23	4619.49	4608.22	4612.66	3166	0	39
2026.04.06	03:00:00	4612.65	4626.45	4607.22	4626.06	4889	0	35
2026.04.06	03:15:00	4626.04	4629.30	4600.77	4604.72	4270	0	35
2026.04.06	03:30:00	4604.71	4621.41	4602.89	4618.37	3536	0	34
2026.04.06	03:45:00	4618.49	4626.20	4615.72	4623.42	2841	0	34
2026.04.06	04:00:00	4623.38	4642.76	4623.07	4642.22	3670	0	34
2026.04.06	04:15:00	4642.11	4643.13	4620.40	4640.88	3315	0	34
2026.04.06	04:30:00	4640.87	4641.18	4623.39	4628.09	3397	0	39
2026.04.06	04:45:00	4628.14	4628.71	4621.29	4625.70	2922	0	39
2026.04.06	05:00:00	4625.69	4639.96	4623.52	4638.21	3814	0	39
2026.04.06	05:15:00	4637.91	4671.85	4637.28	4662.77	4656	0	39
2026.04.06	05:30:00	4662.78	4666.43	4644.20	4652.72	3666	0	39
2026.04.06	05:45:00	4652.77	4656.14	4647.22	4647.35	2671	0	39
2026.04.06	06:00:00	4647.37	4647.44	4628.81	4633.34	3388	0	39
2026.04.06	06:15:00	4633.35	4636.35	4625.41	4629.92	3134	0	39
2026.04.06	06:30:00	4629.95	4633.37	4625.60	4632.45	3028	0	39
2026.04.06	06:45:00	4632.47	4642.00	4630.59	4641.27	2328	0	39
2026.04.06	07:00:00	4641.72	4648.51	4639.93	4643.35	2427	0	39
2026.04.06	07:15:00	4643.31	4646.57	4641.28	4646.08	1707	0	39
2026.04.06	07:30:00	4646.06	4651.08	4642.91	4648.81	1777	0	39
2026.04.06	07:45:00	4648.80	4659.84	4646.91	4659.52	1533	0	39
2026.04.06	08:00:00	4659.51	4676.95	4657.97	4673.37	2405	0	39
2026.04.06	08:15:00	4673.34	4678.65	4666.87	4668.29	1951	0	39
2026.04.06	08:30:00	4668.27	4668.84	4661.03	4661.90	1579	0	39
2026.04.06	08:45:00	4661.94	4667.35	4647.82	4647.82	2248	0	39
2026.04.06	09:00:00	4647.60	4661.81	4643.41	4660.51	3179	0	34
2026.04.06	09:15:00	4660.45	4662.19	4652.64	4656.64	2514	0	34
2026.04.06	09:30:00	4656.62	4660.01	4651.83	4655.12	2160	0	34
2026.04.06	09:45:00	4655.06	4667.58	4653.68	4665.83	3426	0	34
2026.04.06	10:00:00	4665.82	4666.64	4647.97	4652.86	3200	0	34
2026.04.06	10:15:00	4652.94	4655.51	4644.91	4651.50	2931	0	34
2026.04.06	10:30:00	4651.55	4665.61	4650.69	4664.45	2686	0	34
2026.04.06	10:45:00	4664.33	4688.19	4662.55	4682.71	3773	0	36
2026.04.06	11:00:00	4682.67	4694.44	4680.70	4689.73	3523	0	34
2026.04.06	11:15:00	4689.75	4695.72	4684.42	4691.05	2909	0	34
2026.04.06	11:30:00	4691.04	4695.59	4689.81	4692.89	2245	0	34
2026.04.06	11:45:00	4692.92	4698.16	4691.52	4696.98	2386	0	34
2026.04.06	12:00:00	4697.02	4703.21	4696.65	4701.09	2824	0	34
2026.04.06	12:15:00	4701.13	4703.67	4697.25	4702.79	2466	0	34
2026.04.06	12:30:00	4702.82	4706.44	4700.83	4703.76	2058	0	34
2026.04.06	12:45:00	4703.77	4705.09	4690.87	4693.58	3483	0	35
2026.04.06	13:00:00	4693.59	4697.51	4686.11	4686.88	3055	0	34
2026.04.06	13:15:00	4686.85	4693.00	4686.19	4689.09	2202	0	34
2026.04.06	13:30:00	4689.10	4696.73	4687.67	4695.64	1954	0	34
2026.04.06	13:45:00	4695.65	4695.65	4684.83	4689.43	3280	0	35
2026.04.06	14:00:00	4689.44	4696.74	4688.74	4689.02	2666	0	39
2026.04.06	14:15:00	4689.01	4692.24	4685.26	4688.45	2221	0	36
2026.04.06	14:30:00	4688.57	4694.42	4684.10	4685.53	2199	0	34
2026.04.06	14:45:00	4685.52	4685.75	4676.99	4678.93	2453	0	37
2026.04.06	15:00:00	4678.94	4686.70	4671.33	4671.95	2885	0	37
2026.04.06	15:15:00	4671.92	4674.01	4659.65	4666.01	3577	0	39
2026.04.06	15:30:00	4666.03	4678.65	4665.97	4678.23	3306	0	34
2026.04.06	15:45:00	4678.38	4681.07	4674.21	4676.09	2758	0	34
2026.04.06	16:00:00	4676.11	4677.47	4662.16	4668.95	3576	0	39
2026.04.06	16:15:00	4668.92	4673.22	4660.03	4670.37	3263	0	36
2026.04.06	16:30:00	4670.42	4679.03	4661.09	4666.15	6855	0	39
2026.04.06	16:45:00	4666.30	4682.46	4661.59	4681.56	5767	0	35
2026.04.06	17:00:00	4681.77	4690.44	4660.37	4672.08	6298	0	39
2026.04.06	17:15:00	4672.15	4688.13	4670.89	4685.51	5220	0	34
2026.04.06	17:30:00	4685.58	4697.70	4678.46	4683.68	5884	0	34
2026.04.06	17:45:00	4683.79	4688.59	4675.06	4683.50	5322	0	34
2026.04.06	18:00:00	4683.41	4683.51	4661.32	4662.18	4912	0	34
2026.04.06	18:15:00	4662.16	4669.96	4655.44	4667.73	4417	0	34
2026.04.06	18:30:00	4667.72	4671.01	4652.08	4660.78	3958	0	34
2026.04.06	18:45:00	4660.79	4669.11	4659.62	4668.65	2806	0	34
2026.04.06	19:00:00	4668.55	4671.24	4662.40	4670.79	3011	0	34
2026.04.06	19:15:00	4670.92	4672.46	4665.35	4665.91	2724	0	34
2026.04.06	19:30:00	4665.92	4671.03	4662.83	4663.13	2733	0	34
2026.04.06	19:45:00	4663.11	4666.57	4657.93	4660.84	3434	0	34
2026.04.06	20:00:00	4660.92	4661.01	4645.84	4653.54	4438	0	34
2026.04.06	20:15:00	4653.62	4660.16	4650.30	4656.01	4098	0	34
2026.04.06	20:30:00	4655.94	4660.06	4652.33	4656.41	3127	0	34
2026.04.06	20:45:00	4656.42	4657.09	4651.68	4653.37	2890	0	34
2026.04.06	21:00:00	4653.38	4666.47	4650.82	4660.04	4118	0	34
2026.04.06	21:15:00	4659.75	4664.27	4659.19	4661.58	3656	0	34
2026.04.06	21:30:00	4661.62	4663.40	4649.01	4649.48	3213	0	34
2026.04.06	21:45:00	4649.53	4659.03	4648.86	4658.81	2970	0	34
2026.04.06	22:00:00	4658.44	4659.44	4650.12	4650.72	2682	0	34
2026.04.06	22:15:00	4650.75	4651.34	4645.48	4650.21	2227	0	34
2026.04.06	22:30:00	4650.22	4653.80	4648.53	4651.90	1839	0	34
2026.04.06	22:45:00	4651.97	4658.01	4651.52	4656.80	2349	0	34
2026.04.06	23:00:00	4656.88	4657.19	4652.14	4657.13	1159	0	39
2026.04.06	23:15:00	4657.14	4657.93	4655.37	4656.45	858	0	45
2026.04.06	23:30:00	4656.46	4658.28	4651.13	4653.86	1106	0	45
2026.04.06	23:45:00	4653.88	4654.43	4647.90	4649.77	1174	0	45
2026.04.07	01:00:00	4650.47	4667.87	4649.79	4663.82	2249	0	45
2026.04.07	01:15:00	4663.85	4666.35	4659.13	4662.64	1436	0	39
2026.04.07	01:30:00	4662.65	4663.03	4658.95	4659.01	970	0	39
2026.04.07	01:45:00	4659.00	4662.14	4656.75	4657.85	969	0	39
2026.04.07	02:00:00	4657.68	4661.04	4657.06	4660.22	1022	0	36
2026.04.07	02:15:00	4660.24	4660.56	4653.25	4653.80	1011	0	36
2026.04.07	02:30:00	4653.86	4656.22	4651.44	4655.80	888	0	36
2026.04.07	02:45:00	4655.82	4660.08	4654.22	4656.92	1498	0	36
2026.04.07	03:00:00	4656.99	4660.58	4649.11	4659.98	2899	0	39
2026.04.07	03:15:00	4659.91	4660.68	4656.28	4659.82	2457	0	37
2026.04.07	03:30:00	4659.89	4660.95	4657.44	4660.12	1867	0	37
2026.04.07	03:45:00	4660.16	4661.27	4627.58	4637.84	1961	0	39
2026.04.07	04:00:00	4639.71	4664.39	4628.95	4639.63	6246	0	39
2026.04.07	04:15:00	4639.65	4657.40	4637.49	4654.81	4893	0	39
2026.04.07	04:30:00	4654.78	4662.40	4628.78	4642.88	5587	0	39
2026.04.07	04:45:00	4643.09	4647.16	4616.17	4626.07	5282	0	36
2026.04.07	05:00:00	4625.24	4634.20	4619.62	4626.37	4281	0	36
2026.04.07	05:15:00	4626.35	4635.27	4622.69	4634.44	2564	0	39
2026.04.07	05:30:00	4634.45	4646.81	4634.36	4645.77	3339	0	39
2026.04.07	05:45:00	4645.75	4653.90	4645.23	4650.18	3681	0	39
2026.04.07	06:00:00	4650.24	4653.99	4641.49	4645.12	3410	0	36
2026.04.07	06:15:00	4645.11	4647.67	4639.51	4643.58	3394	0	36
2026.04.07	06:30:00	4643.29	4648.17	4642.97	4648.14	1710	0	36
2026.04.07	06:45:00	4648.10	4651.01	4647.26	4649.94	1434	0	36
2026.04.07	07:00:00	4649.74	4651.28	4645.51	4646.98	1672	0	39
2026.04.07	07:15:00	4647.02	4651.17	4645.58	4649.69	1668	0	36
2026.04.07	07:30:00	4649.83	4663.59	4649.73	4661.00	2407	0	39
2026.04.07	07:45:00	4660.91	4663.99	4659.22	4661.04	1688	0	36
2026.04.07	08:00:00	4661.16	4661.32	4654.14	4655.66	1484	0	36
2026.04.07	08:15:00	4655.57	4657.99	4629.62	4632.55	2755	0	39
2026.04.07	08:30:00	4632.56	4641.33	4622.99	4629.67	5146	0	39
2026.04.07	08:45:00	4629.69	4646.35	4629.67	4640.19	3845	0	36
2026.04.07	09:00:00	4639.93	4648.19	4637.85	4647.95	4237	0	35
2026.04.07	09:15:00	4647.96	4649.11	4637.85	4641.88	3975	0	34
2026.04.07	09:30:00	4641.89	4653.72	4641.20	4651.44	3603	0	34
2026.04.07	09:45:00	4651.43	4656.44	4648.40	4653.28	3175	0	34
2026.04.07	10:00:00	4653.15	4656.87	4649.15	4650.22	3487	0	34
2026.04.07	10:15:00	4650.20	4653.88	4638.73	4641.07	3346	0	34
2026.04.07	10:30:00	4641.14	4646.39	4636.51	4642.99	2564	0	34
2026.04.07	10:45:00	4642.98	4647.09	4638.76	4646.43	2056	0	34
2026.04.07	11:00:00	4646.44	4665.23	4644.21	4660.81	5209	0	34
2026.04.07	11:15:00	4661.16	4690.78	4657.11	4678.22	5663	0	34
2026.04.07	11:30:00	4678.51	4687.57	4678.13	4685.38	4508	0	34
2026.04.07	11:45:00	4685.19	4687.51	4679.10	4683.04	3551	0	34
2026.04.07	12:00:00	4682.97	4693.53	4680.93	4684.94	3258	0	34
2026.04.07	12:15:00	4684.93	4694.39	4682.71	4685.11	3789	0	34
2026.04.07	12:30:00	4685.16	4685.65	4665.78	4666.78	3927	0	34
2026.04.07	12:45:00	4666.36	4675.86	4658.91	4672.39	3367	0	34
2026.04.07	13:00:00	4672.35	4679.93	4662.48	4677.64	3855	0	34
2026.04.07	13:15:00	4677.62	4680.68	4657.93	4667.56	4437	0	34
2026.04.07	13:30:00	4667.57	4671.89	4655.94	4661.49	4177	0	34
2026.04.07	13:45:00	4661.51	4661.78	4649.28	4651.17	4684	0	34
2026.04.07	14:00:00	4651.10	4656.14	4628.73	4635.65	4636	0	38
2026.04.07	14:15:00	4635.64	4651.87	4634.81	4648.40	3662	0	34
2026.04.07	14:30:00	4648.44	4664.10	4647.28	4661.83	3552	0	34
2026.04.07	14:45:00	4661.88	4661.90	4656.20	4660.07	2740	0	34
2026.04.07	15:00:00	4660.06	4664.46	4651.40	4654.39	4235	0	35
2026.04.07	15:15:00	4654.38	4670.67	4651.25	4667.15	4287	0	34
2026.04.07	15:30:00	4667.14	4667.14	4656.09	4656.64	3233	0	34
2026.04.07	15:45:00	4656.61	4662.38	4647.02	4651.02	4279	0	35
2026.04.07	16:00:00	4651.22	4659.83	4648.28	4657.32	5069	0	34
2026.04.07	16:15:00	4656.94	4663.10	4650.40	4662.19	4257	0	34
2026.04.07	16:30:00	4662.35	4662.49	4635.53	4639.22	6874	0	38
2026.04.07	16:45:00	4639.14	4654.02	4639.07	4643.39	6162	0	35
2026.04.07	17:00:00	4643.53	4643.58	4607.49	4619.00	7301	0	38
2026.04.07	17:15:00	4618.99	4649.24	4609.92	4647.78	6976	0	34
2026.04.07	17:30:00	4647.95	4661.46	4642.54	4648.75	6157	0	34
2026.04.07	17:45:00	4648.80	4656.94	4629.05	4630.77	5809	0	34
2026.04.07	18:00:00	4630.95	4643.88	4625.00	4641.99	5947	0	34
2026.04.07	18:15:00	4641.79	4653.97	4640.75	4652.91	5954	0	34
2026.04.07	18:30:00	4652.69	4656.64	4640.61	4646.30	4669	0	34
2026.04.07	18:45:00	4646.24	4659.42	4645.22	4656.89	4666	0	34
2026.04.07	19:00:00	4656.71	4668.48	4652.49	4656.58	5538	0	34
2026.04.07	19:15:00	4656.55	4667.40	4654.35	4661.95	5133	0	34
2026.04.07	19:30:00	4661.93	4664.07	4656.03	4660.87	3981	0	34
2026.04.07	19:45:00	4660.88	4662.84	4656.34	4657.83	3402	0	34
2026.04.07	20:00:00	4657.84	4673.02	4656.47	4665.67	3906	0	34
2026.04.07	20:15:00	4665.68	4667.34	4653.87	4662.25	4010	0	34
2026.04.07	20:30:00	4662.28	4686.33	4662.12	4672.72	5037	0	34
2026.04.07	20:45:00	4672.69	4680.10	4671.22	4677.44	3422	0	34
2026.04.07	21:00:00	4677.41	4685.19	4676.09	4685.19	3128	0	34
2026.04.07	21:15:00	4685.18	4685.91	4676.94	4682.23	3395	0	34
2026.04.07	21:30:00	4682.40	4686.20	4677.45	4678.75	3046	0	34
2026.04.07	21:45:00	4678.77	4680.09	4657.39	4662.02	4093	0	34
2026.04.07	22:00:00	4662.03	4668.64	4660.65	4667.51	4736	0	34
2026.04.07	22:15:00	4667.54	4702.59	4667.03	4686.92	6878	0	34
2026.04.07	22:30:00	4686.90	4691.26	4681.85	4686.48	5090	0	34
2026.04.07	22:45:00	4686.51	4718.50	4686.17	4699.27	7041	0	34
2026.04.07	23:00:00	4699.29	4710.78	4697.31	4710.17	4081	0	34
2026.04.07	23:15:00	4710.16	4712.80	4703.95	4711.74	2948	0	44
2026.04.07	23:30:00	4712.20	4717.05	4703.24	4708.64	3601	0	45
2026.04.07	23:45:00	4708.66	4713.63	4701.76	4702.05	2805	0	45
2026.04.08	01:00:00	4729.45	4751.99	4729.45	4730.96	4536	0	45
2026.04.08	01:15:00	4730.93	4739.92	4725.60	4739.51	2840	0	37
2026.04.08	01:30:00	4739.59	4779.44	4713.03	4770.71	6528	0	37
2026.04.08	01:45:00	4770.72	4819.64	4761.70	4815.68	6284	0	35
2026.04.08	02:00:00	4815.72	4824.68	4801.29	4815.83	6152	0	34
2026.04.08	02:15:00	4815.61	4829.06	4807.50	4813.15	4780	0	34
2026.04.08	02:30:00	4813.08	4817.37	4804.04	4813.45	4741	0	34
2026.04.08	02:45:00	4813.37	4836.13	4810.06	4832.97	3814	0	34
2026.04.08	03:00:00	4832.77	4857.34	4830.45	4833.69	6512	0	35
2026.04.08	03:15:00	4833.62	4838.83	4818.87	4823.12	5034	0	34
2026.04.08	03:30:00	4823.11	4823.79	4811.86	4812.63	4297	0	36
2026.04.08	03:45:00	4812.93	4826.26	4808.74	4822.28	4012	0	35
2026.04.08	04:00:00	4822.63	4823.50	4806.17	4820.03	5900	0	34
2026.04.08	04:15:00	4820.04	4820.59	4792.11	4797.86	5927	0	34
2026.04.08	04:30:00	4798.00	4804.28	4788.18	4799.25	5088	0	34
2026.04.08	04:45:00	4799.27	4814.17	4798.72	4811.39	3711	0	34
2026.04.08	05:00:00	4811.40	4825.23	4811.21	4812.63	3807	0	34
2026.04.08	05:15:00	4812.62	4813.76	4807.85	4810.66	2323	0	34
2026.04.08	05:30:00	4810.49	4820.64	4805.84	4805.93	3494	0	35
2026.04.08	05:45:00	4805.93	4809.06	4798.67	4803.48	3181	0	34
2026.04.08	06:00:00	4803.49	4805.79	4797.88	4798.93	2698	0	34
2026.04.08	06:15:00	4798.69	4805.21	4796.36	4802.58	2854	0	35
2026.04.08	06:30:00	4802.59	4804.93	4795.05	4800.32	2142	0	34
2026.04.08	06:45:00	4800.33	4804.38	4796.37	4797.94	2166	0	34
2026.04.08	07:00:00	4797.75	4801.34	4793.54	4796.64	2256	0	34
2026.04.08	07:15:00	4796.63	4803.75	4790.15	4801.41	2423	0	34
2026.04.08	07:30:00	4801.25	4806.46	4800.65	4802.88	1640	0	34
2026.04.08	07:45:00	4802.91	4804.02	4797.65	4802.72	1690	0	34
2026.04.08	08:00:00	4802.53	4810.54	4800.31	4808.93	2398	0	34
2026.04.08	08:15:00	4808.93	4816.70	4806.56	4816.70	2640	0	34
2026.04.08	08:30:00	4816.71	4825.09	4813.64	4821.98	3281	0	35
2026.04.08	08:45:00	4822.05	4843.64	4821.89	4830.46	4272	0	34
2026.04.08	09:00:00	4830.93	4834.82	4821.04	4826.18	3626	0	34
2026.04.08	09:15:00	4826.24	4836.88	4824.39	4834.93	3548	0	34
2026.04.08	09:30:00	4834.96	4839.50	4829.05	4836.66	3389	0	34
2026.04.08	09:45:00	4836.59	4839.50	4817.60	4818.38	4211	0	34
2026.04.08	10:00:00	4818.14	4818.89	4809.34	4811.95	3884	0	34
2026.04.08	10:15:00	4812.00	4821.19	4809.24	4817.54	3661	0	34
2026.04.08	10:30:00	4817.60	4818.38	4805.22	4809.11	3224	0	34
2026.04.08	10:45:00	4809.10	4820.35	4809.01	4812.97	2997	0	34
2026.04.08	11:00:00	4812.80	4819.27	4808.17	4815.44	3345	0	34
2026.04.08	11:15:00	4815.50	4819.76	4798.39	4804.26	3202	0	34
2026.04.08	11:30:00	4804.17	4807.33	4790.46	4793.48	3893	0	34
2026.04.08	11:45:00	4793.03	4803.25	4790.71	4794.42	3174	0	34
2026.04.08	12:00:00	4794.43	4801.07	4793.07	4799.16	2475	0	34
2026.04.08	12:15:00	4798.98	4806.55	4795.04	4803.03	2686	0	34
2026.04.08	12:30:00	4803.04	4803.63	4776.79	4781.04	3183	0	34
2026.04.08	12:45:00	4781.41	4788.45	4776.40	4783.63	3277	0	34
2026.04.08	13:00:00	4783.67	4790.32	4781.76	4782.52	2544	0	34
2026.04.08	13:15:00	4782.51	4783.22	4771.16	4781.22	2915	0	34
2026.04.08	13:30:00	4781.25	4792.36	4780.99	4792.09	2356	0	34
2026.04.08	13:45:00	4792.07	4795.99	4781.90	4782.76	2764	0	34
2026.04.08	14:00:00	4782.90	4790.88	4779.64	4787.62	2671	0	34
2026.04.08	14:15:00	4787.64	4796.83	4782.77	4788.67	3805	0	34
2026.04.08	14:30:00	4788.66	4792.34	4778.07	4791.66	3689	0	34
2026.04.08	14:45:00	4791.73	4802.69	4789.37	4798.77	3358	0	34
2026.04.08	15:00:00	4798.71	4807.10	4797.89	4804.30	3548	0	34
2026.04.08	15:15:00	4804.34	4805.27	4767.75	4783.66	5793	0	34
2026.04.08	15:30:00	4783.65	4797.92	4783.40	4796.37	4422	0	34
2026.04.08	15:45:00	4796.36	4802.66	4794.50	4802.50	3855	0	34
2026.04.08	16:00:00	4802.54	4806.57	4790.73	4794.07	4979	0	35
2026.04.08	16:15:00	4793.92	4799.21	4789.18	4789.18	4463	0	35
2026.04.08	16:30:00	4789.26	4789.95	4773.71	4779.54	7260	0	35
2026.04.08	16:45:00	4779.36	4788.64	4768.29	4779.32	6562	0	34
2026.04.08	17:00:00	4779.33	4792.00	4776.68	4783.30	6429	0	34
2026.04.08	17:15:00	4783.32	4785.25	4761.05	4765.75	6088	0	34
2026.04.08	17:30:00	4765.76	4770.13	4751.00	4762.97	6812	0	34
2026.04.08	17:45:00	4762.96	4765.14	4732.13	4740.20	6718	0	34
2026.04.08	18:00:00	4740.17	4749.39	4734.24	4743.59	6298	0	34
2026.04.08	18:15:00	4743.42	4757.48	4743.42	4752.01	5378	0	34
2026.04.08	18:30:00	4751.99	4761.32	4750.55	4755.73	4871	0	34
2026.04.08	18:45:00	4755.82	4763.01	4754.53	4756.63	3894	0	34
2026.04.08	19:00:00	4756.64	4762.50	4753.10	4753.51	4015	0	34
2026.04.08	19:15:00	4753.52	4755.01	4745.39	4750.63	4919	0	34
2026.04.08	19:30:00	4750.61	4760.32	4747.91	4757.32	3799	0	34
2026.04.08	19:45:00	4757.30	4765.52	4756.61	4759.93	3189	0	34
2026.04.08	20:00:00	4759.94	4764.33	4756.35	4762.22	3272	0	34
2026.04.08	20:15:00	4762.21	4762.35	4745.59	4751.74	4476	0	34
2026.04.08	20:30:00	4751.73	4754.36	4736.08	4740.18	4790	0	34
2026.04.08	20:45:00	4740.19	4741.51	4731.40	4732.27	3818	0	34
2026.04.08	21:00:00	4732.28	4744.25	4727.03	4743.87	3720	0	34
2026.04.08	21:15:00	4743.94	4744.31	4717.00	4724.65	6550	0	34
2026.04.08	21:30:00	4724.58	4724.87	4708.14	4709.63	5528	0	34
2026.04.08	21:45:00	4709.65	4716.85	4701.43	4702.86	5119	0	34
2026.04.08	22:00:00	4702.84	4717.13	4699.52	4717.09	5319	0	34
2026.04.08	22:15:00	4716.64	4718.55	4707.39	4711.63	3950	0	34
2026.04.08	22:30:00	4711.67	4724.76	4710.95	4723.45	4310	0	34
2026.04.08	22:45:00	4723.44	4732.16	4721.87	4731.20	4438	0	34
2026.04.08	23:00:00	4731.30	4731.95	4726.39	4727.77	2518	0	35
2026.04.08	23:15:00	4727.76	4728.00	4721.77	4721.93	1747	0	43
2026.04.08	23:30:00	4721.97	4723.99	4720.91	4722.62	1335	0	43
2026.04.08	23:45:00	4722.59	4724.42	4717.14	4719.76	1724	0	45
2026.04.09	01:00:00	4729.43	4733.16	4709.54	4715.31	2049	0	45
2026.04.09	01:15:00	4715.35	4717.50	4704.69	4714.26	2088	0	34
2026.04.09	01:30:00	4714.28	4719.37	4705.78	4713.13	2009	0	34
2026.04.09	01:45:00	4713.15	4720.07	4712.50	4717.12	1471	0	34
2026.04.09	02:00:00	4717.13	4717.34	4705.28	4707.15	1838	0	34
2026.04.09	02:15:00	4707.40	4715.99	4705.78	4710.22	1510	0	34
2026.04.09	02:30:00	4710.35	4715.53	4707.08	4713.84	1462	0	34
2026.04.09	02:45:00	4713.92	4719.86	4710.26	4710.45	1750	0	34
2026.04.09	03:00:00	4710.43	4710.83	4698.90	4701.73	3572	0	34
2026.04.09	03:15:00	4701.65	4712.20	4700.93	4707.24	2730	0	34
2026.04.09	03:30:00	4707.34	4719.17	4705.53	4717.45	2652	0	34
2026.04.09	03:45:00	4717.43	4718.67	4705.73	4715.06	2542	0	34
2026.04.09	04:00:00	4715.10	4721.76	4699.49	4721.08	5106	0	39
2026.04.09	04:15:00	4720.92	4723.37	4702.82	4707.57	3991	0	34
2026.04.09	04:30:00	4707.53	4721.44	4705.91	4718.30	3748	0	34
2026.04.09	04:45:00	4718.30	4728.81	4718.13	4726.40	3272	0	34
2026.04.09	05:00:00	4726.22	4728.71	4720.98	4722.69	2855	0	34
2026.04.09	05:15:00	4722.68	4727.74	4722.56	4726.13	1880	0	34
2026.04.09	05:30:00	4726.14	4732.87	4725.43	4731.40	2413	0	34
2026.04.09	05:45:00	4731.41	4731.65	4717.41	4719.29	2679	0	34
2026.04.09	06:00:00	4719.27	4720.13	4711.37	4713.10	2833	0	34
2026.04.09	06:15:00	4713.09	4713.10	4705.17	4712.31	2995	0	34
2026.04.09	06:30:00	4712.30	4714.89	4711.80	4713.78	1428	0	34
2026.04.09	06:45:00	4713.77	4713.99	4706.55	4711.89	2132	0	34
2026.04.09	07:00:00	4711.89	4722.38	4709.67	4722.23	1830	0	34
2026.04.09	07:15:00	4722.24	4723.26	4715.51	4715.60	1266	0	34
2026.04.09	07:30:00	4715.59	4723.42	4714.29	4720.41	1598	0	34
2026.04.09	07:45:00	4720.38	4725.23	4720.20	4721.63	1397	0	34
2026.04.09	08:00:00	4721.64	4723.48	4710.69	4713.63	2055	0	34
2026.04.09	08:15:00	4713.62	4726.49	4713.61	4722.51	2278	0	34
2026.04.09	08:30:00	4722.33	4724.32	4716.15	4723.78	3039	0	36
2026.04.09	08:45:00	4723.74	4723.77	4705.78	4715.19	3320	0	34
2026.04.09	09:00:00	4715.33	4725.32	4714.05	4719.67	3353	0	34
2026.04.09	09:15:00	4719.64	4721.87	4712.58	4720.67	3245	0	34
2026.04.09	09:30:00	4720.63	4722.87	4711.78	4712.74	3500	0	34
2026.04.09	09:45:00	4712.73	4715.14	4703.49	4712.14	3874	0	34
2026.04.09	10:00:00	4712.16	4730.35	4708.52	4724.05	3872	0	34
2026.04.09	10:15:00	4724.03	4724.41	4705.67	4710.43	3685	0	34
2026.04.09	10:30:00	4710.42	4731.33	4710.35	4721.37	4022	0	34
2026.04.09	10:45:00	4721.34	4725.44	4711.52	4725.16	3440	0	34
2026.04.09	11:00:00	4725.12	4726.38	4719.81	4723.52	2886	0	34
2026.04.09	11:15:00	4723.51	4727.74	4720.99	4721.38	2380	0	34
2026.04.09	11:30:00	4721.14	4732.75	4720.24	4731.59	2651	0	34
2026.04.09	11:45:00	4731.62	4732.84	4723.90	4724.19	2607	0	34
2026.04.09	12:00:00	4724.20	4732.89	4722.84	4730.61	2648	0	34
2026.04.09	12:15:00	4730.58	4733.39	4728.77	4729.85	2235	0	34
2026.04.09	12:30:00	4729.78	4732.47	4726.50	4726.55	2251	0	34
2026.04.09	12:45:00	4726.50	4730.48	4723.57	4729.45	2257	0	34
2026.04.09	13:00:00	4729.46	4732.82	4725.66	4725.88	2247	0	34
2026.04.09	13:15:00	4725.76	4740.18	4723.74	4738.44	2773	0	34
2026.04.09	13:30:00	4738.23	4741.31	4736.41	4740.24	2406	0	34
2026.04.09	13:45:00	4740.27	4746.64	4739.16	4741.61	2777	0	34
2026.04.09	14:00:00	4741.53	4744.07	4738.41	4739.41	2402	0	34
2026.04.09	14:15:00	4739.44	4747.50	4739.34	4746.99	2232	0	34
2026.04.09	14:30:00	4747.05	4753.22	4743.03	4753.22	2747	0	35
2026.04.09	14:45:00	4753.18	4757.52	4753.13	4756.46	2722	0	34
2026.04.09	15:00:00	4756.42	4759.56	4741.85	4743.34	3218	0	34
2026.04.09	15:15:00	4743.30	4744.13	4734.89	4739.66	3549	0	35
2026.04.09	15:30:00	4739.65	4748.14	4735.19	4742.13	4147	0	35
2026.04.09	15:45:00	4742.11	4747.35	4737.47	4741.47	3640	0	34
2026.04.09	16:00:00	4741.44	4758.30	4738.75	4757.82	5118	0	34
2026.04.09	16:15:00	4757.79	4758.57	4750.55	4751.50	4083	0	34
2026.04.09	16:30:00	4751.27	4777.04	4750.62	4776.64	6227	0	35
2026.04.09	16:45:00	4776.49	4776.49	4759.64	4764.06	5964	0	34
2026.04.09	17:00:00	4764.08	4776.19	4761.86	4771.19	6086	0	34
2026.04.09	17:15:00	4771.16	4773.18	4760.30	4767.17	5719	0	34
2026.04.09	17:30:00	4767.18	4767.20	4747.26	4756.70	5978	0	34
2026.04.09	17:45:00	4756.72	4769.14	4756.46	4767.35	4661	0	34
2026.04.09	18:00:00	4767.63	4773.40	4761.13	4772.78	4782	0	34
2026.04.09	18:15:00	4772.84	4785.90	4771.75	4780.37	5592	0	34
2026.04.09	18:30:00	4780.41	4797.94	4780.37	4789.62	6604	0	34
2026.04.09	18:45:00	4789.68	4794.58	4784.24	4793.25	5656	0	34
2026.04.09	19:00:00	4793.18	4800.97	4787.84	4789.00	5121	0	34
2026.04.09	19:15:00	4789.02	4797.71	4787.61	4792.26	3870	0	34
2026.04.09	19:30:00	4792.25	4795.46	4785.98	4787.18	3722	0	34
2026.04.09	19:45:00	4787.09	4791.31	4784.44	4789.24	3382	0	34
2026.04.09	20:00:00	4789.16	4794.26	4786.67	4794.14	3096	0	34
2026.04.09	20:15:00	4794.17	4798.29	4790.17	4791.63	3607	0	34
2026.04.09	20:30:00	4791.71	4801.06	4787.63	4796.92	3703	0	34
2026.04.09	20:45:00	4796.94	4800.96	4796.14	4797.17	3056	0	34
2026.04.09	21:00:00	4797.19	4797.19	4780.55	4782.58	5110	0	34
2026.04.09	21:15:00	4782.55	4788.20	4777.70	4778.73	4252	0	34
2026.04.09	21:30:00	4778.66	4779.61	4768.61	4769.71	4211	0	34
2026.04.09	21:45:00	4769.66	4774.37	4767.92	4768.96	3628	0	34
2026.04.09	22:00:00	4769.04	4782.57	4769.04	4779.39	3745	0	34
2026.04.09	22:15:00	4779.36	4779.55	4772.42	4776.02	3048	0	34
2026.04.09	22:30:00	4776.01	4777.94	4769.37	4772.23	3039	0	34
2026.04.09	22:45:00	4772.24	4773.87	4766.98	4769.66	3582	0	34
2026.04.09	23:00:00	4769.67	4771.34	4766.92	4768.00	1628	0	34
2026.04.09	23:15:00	4768.02	4773.26	4766.20	4770.28	990	0	43
2026.04.09	23:30:00	4770.25	4771.42	4760.80	4765.35	1512	0	43
2026.04.09	23:45:00	4765.43	4768.78	4763.84	4764.17	1195	0	45
2026.04.10	01:00:00	4773.86	4780.26	4765.74	4769.13	1582	0	45
2026.04.10	01:15:00	4769.14	4770.40	4763.70	4766.26	1166	0	35
2026.04.10	01:30:00	4766.24	4767.27	4759.15	4760.94	1368	0	34
2026.04.10	01:45:00	4760.95	4764.48	4758.66	4762.54	1209	0	34
2026.04.10	02:00:00	4762.55	4763.10	4757.18	4760.25	1262	0	34
2026.04.10	02:15:00	4760.26	4761.53	4756.91	4758.55	867	0	34
2026.04.10	02:30:00	4758.49	4762.98	4758.33	4758.97	1080	0	34
2026.04.10	02:45:00	4759.12	4764.17	4758.87	4761.26	1272	0	34
2026.04.10	03:00:00	4760.94	4761.03	4750.62	4756.18	2567	0	38
2026.04.10	03:15:00	4756.25	4758.35	4750.89	4755.81	2272	0	34
2026.04.10	03:30:00	4755.83	4761.11	4754.66	4754.98	1665	0	34
2026.04.10	03:45:00	4755.02	4766.16	4754.68	4764.13	1893	0	34
2026.04.10	04:00:00	4764.06	4767.07	4757.79	4758.68	3674	0	38
2026.04.10	04:15:00	4758.74	4765.31	4757.99	4762.05	2866	0	34
2026.04.10	04:30:00	4762.00	4777.16	4760.22	4772.12	3352	0	34
2026.04.10	04:45:00	4772.22	4773.51	4760.22	4762.54	3333	0	34
2026.04.10	05:00:00	4762.56	4762.90	4748.40	4753.50	3726	0	34
2026.04.10	05:15:00	4753.32	4753.95	4742.22	4743.22	2898	0	34
2026.04.10	05:30:00	4743.16	4749.91	4738.03	4749.68	3334	0	34
2026.04.10	05:45:00	4749.69	4754.50	4747.53	4754.50	2759	0	34
2026.04.10	06:00:00	4755.06	4761.76	4753.77	4759.03	2818	0	34
2026.04.10	06:15:00	4759.05	4761.90	4755.01	4757.02	2688	0	34
2026.04.10	06:30:00	4757.05	4768.55	4756.62	4765.57	2112	0	34
2026.04.10	06:45:00	4765.58	4769.47	4763.91	4767.80	1541	0	34
2026.04.10	07:00:00	4767.69	4768.04	4764.48	4767.27	1173	0	34
2026.04.10	07:15:00	4767.31	4770.69	4763.73	4764.18	1210	0	34
2026.04.10	07:30:00	4764.16	4765.66	4761.67	4762.39	1424	0	34
2026.04.10	07:45:00	4762.37	4765.47	4757.82	4758.01	1328	0	34
2026.04.10	08:00:00	4758.04	4763.19	4757.30	4759.32	1673	0	34
2026.04.10	08:15:00	4759.36	4763.90	4758.48	4761.79	1631	0	34
2026.04.10	08:30:00	4761.69	4768.19	4760.62	4766.81	2847	0	36
2026.04.10	08:45:00	4766.85	4769.08	4760.30	4762.07	2443	0	34
2026.04.10	09:00:00	4761.72	4763.90	4755.51	4756.71	2865	0	34
2026.04.10	09:15:00	4756.68	4757.32	4751.63	4756.74	2934	0	34
2026.04.10	09:30:00	4756.76	4758.43	4749.55	4750.84	3021	0	34
2026.04.10	09:45:00	4750.65	4754.16	4742.79	4745.90	3234	0	34
2026.04.10	10:00:00	4745.89	4752.69	4741.23	4746.70	2785	0	34
2026.04.10	10:15:00	4746.58	4755.95	4746.20	4753.04	2399	0	34
2026.04.10	10:30:00	4753.05	4757.42	4751.46	4752.99	2073	0	34
2026.04.10	10:45:00	4752.98	4754.98	4748.07	4750.77	2271	0	34
2026.04.10	11:00:00	4750.78	4753.16	4747.02	4748.39	2350	0	34
2026.04.10	11:15:00	4748.40	4750.02	4742.29	4747.43	2445	0	34
2026.04.10	11:30:00	4747.41	4752.18	4740.90	4742.01	2019	0	34
2026.04.10	11:45:00	4742.08	4743.80	4730.41	4742.19	3154	0	34
2026.04.10	12:00:00	4742.11	4746.69	4740.54	4745.97	1998	0	34
2026.04.10	12:15:00	4745.99	4760.74	4744.48	4747.79	4289	0	34
2026.04.10	12:30:00	4747.86	4751.04	4746.21	4749.97	2662	0	34
2026.04.10	12:45:00	4749.99	4753.04	4747.93	4751.96	2295	0	34
2026.04.10	13:00:00	4751.97	4753.29	4742.41	4746.63	2309	0	34
2026.04.10	13:15:00	4746.64	4760.52	4746.63	4757.34	2481	0	34
2026.04.10	13:30:00	4757.16	4759.69	4753.84	4754.75	2040	0	34
2026.04.10	13:45:00	4754.71	4759.66	4754.07	4758.09	1985	0	34
2026.04.10	14:00:00	4758.08	4759.56	4753.26	4755.42	2081	0	34
2026.04.10	14:15:00	4755.44	4762.53	4754.31	4762.40	2002	0	34
2026.04.10	14:30:00	4762.42	4767.12	4758.49	4765.84	2042	0	34
2026.04.10	14:45:00	4765.82	4768.90	4762.81	4767.81	2328	0	34
2026.04.10	15:00:00	4767.64	4769.87	4763.59	4766.09	2896	0	35
2026.04.10	15:15:00	4766.08	4777.20	4759.71	4772.83	3386	0	34
2026.04.10	15:30:00	4772.81	4782.22	4768.91	4772.90	5372	0	35
2026.04.10	15:45:00	4772.91	4773.00	4763.70	4770.81	3694	0	34
2026.04.10	16:00:00	4770.50	4777.52	4767.96	4770.89	4287	0	34
2026.04.10	16:15:00	4770.88	4780.04	4766.03	4772.75	3767	0	34
2026.04.10	16:30:00	4772.84	4778.61	4765.02	4769.99	6296	0	34
2026.04.10	16:45:00	4769.96	4777.73	4765.93	4773.76	5158	0	34
2026.04.10	17:00:00	4773.48	4783.25	4767.35	4782.22	5804	0	34
2026.04.10	17:15:00	4782.20	4793.83	4779.72	4793.82	5582	0	34
2026.04.10	17:30:00	4794.01	4794.99	4774.48	4780.47	4828	0	34
2026.04.10	17:45:00	4780.46	4783.18	4770.80	4774.70	5447	0	34
2026.04.10	18:00:00	4774.68	4783.74	4769.46	4782.46	4236	0	34
2026.04.10	18:15:00	4782.44	4787.35	4775.78	4777.79	3904	0	34
2026.04.10	18:30:00	4777.88	4777.89	4755.24	4767.50	5570	0	35
2026.04.10	18:45:00	4767.54	4769.91	4758.68	4759.85	4640	0	34
2026.04.10	19:00:00	4759.81	4763.34	4747.49	4763.11	4959	0	34
2026.04.10	19:15:00	4762.98	4765.05	4754.24	4757.08	3608	0	34
2026.04.10	19:30:00	4757.16	4765.27	4756.11	4757.83	3731	0	34
2026.04.10	19:45:00	4757.82	4766.05	4757.10	4761.96	3227	0	34
2026.04.10	20:00:00	4761.93	4766.21	4758.06	4765.21	3101	0	34
2026.04.10	20:15:00	4765.17	4768.57	4758.96	4759.30	3400	0	34
2026.04.10	20:30:00	4759.28	4765.57	4758.27	4759.59	3164	0	34
2026.04.10	20:45:00	4759.64	4764.92	4758.90	4760.19	2478	0	34
2026.04.10	21:00:00	4760.18	4765.91	4750.94	4764.20	3348	0	34
2026.04.10	21:15:00	4764.34	4769.42	4762.88	4766.45	3352	0	34
2026.04.10	21:30:00	4766.65	4773.22	4766.43	4767.56	2930	0	34
2026.04.10	21:45:00	4767.55	4768.09	4763.18	4764.91	2542	0	34
2026.04.10	22:00:00	4764.88	4768.02	4764.41	4766.05	2654	0	34
2026.04.10	22:15:00	4766.06	4770.40	4761.66	4762.04	2526	0	34
2026.04.10	22:30:00	4762.11	4765.35	4760.66	4762.46	2999	0	34
2026.04.10	22:45:00	4762.48	4762.52	4757.38	4757.53	3413	0	34
2026.04.10	23:00:00	4757.54	4758.77	4751.29	4752.98	1775	0	35
2026.04.10	23:15:00	4753.00	4753.00	4740.76	4745.99	2041	0	43
2026.04.10	23:30:00	4746.13	4752.27	4746.13	4751.00	1298	0	43
2026.04.10	23:45:00	4750.98	4751.90	4746.46	4749.28	1247	0	45
